,time,white,ar1,pl
0,0.0,3.3567168545234707,1.282244895891313,2.79079552258499
1,0.041666666666666664,-0.2605622641262494,-0.3040814108646259,-0.32950199715685347
2,0.08333333333333333,-3.2843417273229236,-1.7568856073014985,-3.1451921628323443
3,0.125,-1.4183411983296719,-1.2941782232291248,-1.9139033927760702
4,0.16666666666666666,-4.1950770974134866,-1.9478163249760376,-3.788164042881394
5,0.20833333333333331,0.7201093889712157,0.31903642468987076,0.5789373634696764
6,0.25,2.5166298386450343,1.603777662110087,2.6381814492504327
7,0.29166666666666663,2.5323380004752445,1.902190159925815,2.904791653651698
8,0.3333333333333333,2.8279554092315764,1.96245126873253,3.0593025563160126
9,0.375,0.9192312498286698,0.9690268305343669,1.2445084236226358
10,0.41666666666666663,-0.4370564179756781,0.11119297969338734,-0.1777860222186515
11,0.4583333333333333,-0.4177516290842535,-0.23908499724615676,-0.4768988157667886
12,0.5,-2.164605843295565,-0.9669579701207976,-1.911395913418231
13,0.5416666666666666,-0.25022131287230415,-0.22455552324626477,-0.24093744542194173
14,0.5833333333333333,2.4628047598369136,0.8228435920353742,2.0959575880441403
15,0.625,1.0950102284296022,0.06184759844544215,0.7533898158148903
16,0.6666666666666666,-2.8781755807668126,-1.698663703755912,-2.7234321670346064
17,0.7083333333333333,-0.9304833785578424,-1.3227059674066657,-1.510249600806476
18,0.75,-2.766625022009106,-1.924758707055439,-2.87363614451005
19,0.7916666666666666,-1.1252875853899587,-1.2110090788157468,-1.4954435480170625
20,0.8333333333333333,-0.6629337039528729,-0.659968218396977,-0.732162258777546
21,0.875,1.6761071523213364,0.38798202885343314,1.2498559555939137
22,0.9166666666666666,-0.8058570076388367,-0.27087685898211716,-0.5374624513385114
23,0.9583333333333333,0.9189259904463365,0.3749065862923786,0.7626505166772151
24,1.0,-0.26435259390895405,0.0728659065392716,-0.10983146539027121
25,1.0416666666666665,-0.6718021535101757,0.04167336427531567,-0.37861644222008445
26,1.0833333333333333,1.2738590978409807,0.9313543937791339,1.340264043665042
27,1.125,1.3215729604674191,1.026259164993229,1.4099303553944242
28,1.1666666666666665,-0.4640786234432016,0.452394491361276,0.04532661357995813
29,1.2083333333333333,1.7183744421425557,1.1333226575968731,1.6200009846179206
30,1.25,-1.1093510300825091,0.19907440560732556,-0.5019095162397695
31,1.2916666666666665,1.8166630625809805,1.1165655341538834,1.6426783241804834
32,1.3333333333333333,-1.011670097342921,0.1495225146797725,-0.5310205722869225
33,1.375,-0.17331274268604763,0.4666169105257958,0.15021751506055295
34,1.4166666666666665,2.3075429478302922,1.4579008499025556,2.314505731521905
35,1.4583333333333333,1.9773475830957639,1.120747052873124,1.8056824448325421
36,1.5,-3.170750015968482,-0.8862795053610112,-2.411961342461052
37,1.5416666666666665,1.0411950479898815,0.42544530986314827,0.7251238945373076
38,1.5833333333333333,-0.8858090938207343,-0.08633068004284469,-0.4944094685588265
39,1.625,2.3314113752276118,0.9700987337039432,1.9882820294507206
40,1.6666666666666665,0.3730803084798807,0.09345396849533769,0.28053514223672177
41,1.7083333333333333,-2.7969415268350586,-1.279198327066241,-2.4956585021165694
42,1.75,-1.103631836020034,-0.5949993249185234,-1.0127573720895855
43,1.7916666666666665,2.5149937911592612,0.8526090312134137,2.1131813818619753
44,1.8333333333333333,0.9931879934824693,0.2901378922480385,0.9056553227918337
45,1.875,-0.6647689534975126,-0.5427161775401805,-0.6086456217361927
46,1.9166666666666665,0.13086233213366916,-0.5435396373110446,-0.28277673891441485
47,1.9583333333333333,-2.482908534571129,-1.5429564568342085,-2.2872683513256433
48,2.0,2.0303682738985223,-0.15919779906346623,1.010538738501221
49,2.0416666666666665,-3.8210631761980385,-2.2694418234336453,-3.6017108166479255
50,2.083333333333333,-1.8055487800738519,-1.4802022990862496,-2.0121698392781413
51,2.125,1.0763614960931682,-0.08393774368237383,0.7367489689926413
52,2.1666666666666665,1.9634462237205696,0.3994460455040882,1.5309102074275858
53,2.208333333333333,-1.4484788998114675,-0.7685751636305118,-1.1285742019020675
54,2.25,1.026106517251852,0.07251405911765521,0.7237948439250904
55,2.2916666666666665,-0.11378406950141315,-0.2747131096963003,-0.0617524248596123
56,2.333333333333333,0.6877954290849755,-0.04564776417679814,0.48943385577298865
57,2.375,-0.034003180056544624,-0.41765409312363805,-0.19406962738314826
58,2.4166666666666665,-1.8256568256399377,-1.0502426633499429,-1.6096377010681822
59,2.458333333333333,0.9690579688469907,0.016482732331830733,0.7296611229785709
60,2.5,1.507732009037619,0.3044917896286774,1.3206312775183382
61,2.5416666666666665,1.3772033297766912,0.04830183227450475,1.0664626806932545
62,2.583333333333333,-0.15008925024583208,-0.9484267480013613,-0.6377801857666366
63,2.625,-4.737169223457558,-2.8336484391692625,-4.466950441187643
64,2.6666666666666665,0.4609573171070959,-1.0022371655427382,-0.30852035400696043
65,2.708333333333333,1.0263357954868888,-0.7985606640176095,0.17836026368350066
66,2.75,-3.6294041985271837,-2.480860478297695,-3.572976071955584
67,2.7916666666666665,-0.6354599293819938,-1.4098557298211118,-1.262902108719302
68,2.833333333333333,-0.7586713353531139,-1.1038399154564649,-0.9463880058132548
69,2.875,2.363598748264021,0.03273995814574751,1.4484568718715287
70,2.9166666666666665,-2.6098804962025626,-1.6787683749184776,-2.475972915324521
71,2.958333333333333,-0.7764264749476392,-1.0960336544192277,-1.2467854507255396
72,3.0,-1.7796652820820649,-1.141840131089916,-1.7532597818044804
73,3.0416666666666665,0.7002488902540764,0.0024767738508222345,0.33516060541476095
74,3.083333333333333,-0.9158046166119042,-0.10683409866969107,-0.5365347875132679
75,3.125,2.3245246167942684,1.3586884275727966,2.249088117064367
76,3.1666666666666665,2.0019336223623467,1.490801096094729,2.1973804763876834
77,3.208333333333333,1.383415107763866,1.2087570874546436,1.6052677463626743
78,3.25,1.244048322924914,0.8905901801793962,1.151106171496138
79,3.2916666666666665,-2.170459577201433,-0.578859609981119,-1.8192121672998907
80,3.333333333333333,-0.8307025321779786,-0.2667180273984209,-1.0140186897274102
81,3.375,-2.363269507242829,-0.6601381683750593,-2.108768493384101
82,3.4166666666666665,-1.0372954691443526,0.2334473188441803,-0.7220712016268448
83,3.458333333333333,2.0821249334912326,1.8988485553049281,2.284147348214609
84,3.5,3.1182964668906004,2.6646369918419586,3.438808877390355
85,3.5416666666666665,2.0643285846395365,2.3125681921146843,2.545052175286751
86,3.583333333333333,0.06204594930587443,1.551130912526304,0.8843851405097259
87,3.625,2.716516483752009,2.2939686233684817,2.806029036271677
88,3.6666666666666665,0.08981526979043693,1.113656029639546,0.4566731483528974
89,3.708333333333333,-2.407736585381044,0.044131860707830144,-1.6659166018243508
90,3.75,1.2867442219920118,1.327117886239546,1.197186952565722
91,3.7916666666666665,-1.0164745764984655,0.7570217967331102,-0.24897734336042476
92,3.833333333333333,3.290217194413269,2.3106246191809894,3.121910969121617
93,3.875,-0.16774015394075992,1.1298582603533642,0.5331727683333412
94,3.9166666666666665,1.043514384920952,1.4003645553261546,1.2555348558903954
95,3.958333333333333,-0.5416058586917095,0.9532792784478069,0.3236825642068584
96,4.0,5.895149454030758,3.013908658748381,5.250815385991802
97,4.041666666666666,-0.09273604784886565,0.34737881381006,0.0672348959173487
98,4.083333333333333,-4.698747070313194,-1.926556016188364,-4.2557166317058295
99,4.125,-2.2136873008287727,-1.1390592460493425,-2.237212572818978
100,4.166666666666666,1.8659570527346119,0.5258541883966917,1.3366699252477734
101,4.208333333333333,0.5540492392241413,0.06739020746020565,0.3052402376753445
102,4.25,-3.045266615233186,-1.1011854332724123,-2.380494326661755
103,4.291666666666666,3.946596267614707,1.3957980569187471,3.215148982092669
104,4.333333333333333,0.6802681950581266,0.25030724684779915,0.7535515730510226
105,4.375,-0.21286775162731505,-0.4101159432226957,-0.27628633354366855
106,4.416666666666666,0.11162363089246073,-0.5681234873622583,-0.18955504770825146
107,4.458333333333333,-0.18390008229406402,-0.9879906035979219,-0.6204479566784872
108,4.5,-0.5414588996855342,-1.521805300800009,-1.2793199830991875
109,4.541666666666666,-4.371747629117761,-3.1376894619556115,-4.549865196135987
110,4.583333333333333,-2.444537806062429,-2.282416494490998,-2.760786895984597
111,4.625,3.133391849314541,-0.13025928990284358,1.8245322519119163
112,4.666666666666666,-2.826289210735186,-2.0232389656442407,-2.6298501386938518
113,4.708333333333333,0.9323222796206682,-0.7972505076788076,0.07838005575169844
114,4.75,-2.9050921338781883,-1.8073033175215243,-2.5285466655085935
115,4.791666666666666,3.0634917310491514,0.46638286852524125,2.289612142492619
116,4.833333333333333,0.41318885031708924,-0.23560191105149533,0.4696791628072395
117,4.875,0.359232744095199,-0.21846099673044575,0.5111332446641418
118,4.916666666666666,4.67040304818683,1.1272774443269156,3.8192605188372535
119,4.958333333333333,-0.24629480683978947,-1.1369086140148787,-0.5133804631515164
120,5.0,-3.355812249123044,-2.8470623842211698,-3.550441664543552
121,5.041666666666666,-1.1625152196592303,-2.3972253850013208,-1.9814820679511818
122,5.083333333333333,-0.3338768310070812,-2.2983928979195394,-1.4476817778673599
123,5.125,-3.3319238947561236,-3.490179210191062,-3.850528437004078
124,5.166666666666666,-0.271428885753896,-2.5458750795239453,-1.5961528733488102
125,5.208333333333333,-2.684943487708271,-3.387393957261144,-3.4517441044317057
126,5.25,-2.1292690307074835,-3.1387498952960913,-3.052755659933991
127,5.291666666666666,-1.5510350861172018,-2.706958624572993,-2.40163048587608
128,5.333333333333333,-1.106299310608345,-2.2393187332046476,-1.8639069210503727
129,5.375,-1.0555667076950164,-1.8643771804003395,-1.5632372816951225
130,5.416666666666666,0.1624591231540997,-1.068531696210065,-0.3996157033863692
131,5.458333333333333,-0.6798759950042385,-0.9865619135513706,-0.8196265634821638
132,5.5,0.017176144457143678,-0.2807220032328236,0.049474736168484516
133,5.541666666666666,2.183224784978635,0.9264419372782101,2.123353753444144
134,5.583333333333333,2.1795522890278365,1.2547575683661247,2.381877961174389
135,5.625,2.400938676380409,1.3879366637998858,2.590905610921905
136,5.666666666666666,2.469583583082779,1.2432211974262564,2.4901048612750434
137,5.708333333333333,1.0015672654849126,0.2632599442733722,0.8811590289404546
138,5.75,-2.1781313096842023,-1.2795818610554381,-2.015328864175154
139,5.791666666666666,-1.2325502584828176,-1.1809330644360019,-1.452881893671882
140,5.833333333333333,-0.6290362823201147,-0.7976615736849296,-0.6220303417477129
141,5.875,4.80864754945551,0.9855298545808074,3.6401341256366426
142,5.916666666666666,-0.7241009894818059,-1.4843834095356854,-1.2425219355286894
143,5.958333333333333,-6.132041604561029,-3.939436152861908,-6.0735419208053445
144,6.0,-1.5153544581393659,-2.3194269566416406,-2.3707940568326684
145,6.041666666666666,0.9173884588364264,-1.260277429889015,-0.17039668692879759
146,6.083333333333333,-1.9869747149452195,-2.2254841881302476,-2.5101417252151212
147,6.125,-3.0004190376676303,-2.4162321160172757,-3.1860684315026337
148,6.166666666666666,1.2540425764799283,-0.6077630768065703,0.36410088722323525
149,6.208333333333333,-1.4366779390654836,-1.1078889110272723,-1.3190464872532204
150,6.25,2.1204195104647567,0.423748293082671,1.6298284378997077
151,6.291666666666666,0.8868608631475127,0.21842056540287302,0.8731060996233627
152,6.333333333333333,1.0106719440630216,0.2967768544305551,0.9452382472300639
153,6.375,1.8641733839105106,0.3984315788641668,1.3791716430122274
154,6.416666666666666,-2.4472614104858716,-1.3289700563026605,-2.298500266406211
155,6.458333333333333,-1.9980948817315947,-1.2091786048320945,-2.0179323120423898
156,6.5,0.3968846609244307,-0.048264144001123055,0.20574710093125834
157,6.541666666666666,2.0109240247614673,0.7809168010575342,1.772235578958038
158,6.583333333333333,1.7819169360315028,0.633254330515704,1.4218342132909116
159,6.625,-3.26345600087525,-1.2279784123602395,-2.703892805762339
160,6.666666666666666,-0.39741546554725693,0.0555008727766526,-0.12234203470073286
161,6.708333333333333,6.154560123974376,2.5652414644216655,5.3408265593788515
162,6.75,0.8280123541241016,0.449544383772297,0.9092245615121255
163,6.791666666666666,-1.8919180316469528,-1.1238266815046278,-1.8973926657954359
164,6.833333333333333,-2.1319639346185197,-1.5363847543781974,-2.412100755698079
165,6.875,-2.6837398529927508,-1.6673188541335544,-2.727848543072384
166,6.916666666666666,0.17504463127285347,-0.2975683337175125,-0.07108177360130329
167,6.958333333333333,2.9188404154796834,0.9578754955599746,2.4586142076252337
168,7.0,1.8241080089599022,0.45004100484653886,1.401071286975379
169,7.041666666666666,-2.929641711053869,-1.49228073001304,-2.6470869255883422
170,7.083333333333333,-1.2115319707732677,-0.9135651762145481,-1.3514418927688434
171,7.125,0.6967192811122365,0.03941030191907152,0.5501331194316563
172,7.166666666666666,2.633977452214256,0.8533659878075336,2.2147828205028812
173,7.208333333333333,0.37988374329784597,-0.05333654994066683,0.36808850241637053
174,7.25,-0.26084417731683174,-0.49112995651827135,-0.34050465398408797
175,7.291666666666666,0.9215563140918164,-0.27515016601524905,0.5359500587868394
176,7.333333333333333,1.1718909417708132,-0.5913537257751766,0.33574961590352165
177,7.375,-4.0015679086558436,-2.8054868155683406,-4.0536266803740695
178,7.416666666666666,-1.6786735874312735,-2.2318497189688227,-2.529021985352584
179,7.458333333333333,-3.1219213460228485,-2.4610445629254096,-3.2361603532707393
180,7.5,2.7135881447620664,-0.19345401380747126,1.5262345011650813
181,7.541666666666666,-0.774512846062003,-1.2782629687442975,-1.0452911368535747
182,7.583333333333333,-0.9993114096464204,-1.4085704304739006,-1.3948508277241416
183,7.625,-0.5916295221066606,-1.166381994994847,-0.955420033390923
184,7.666666666666666,0.33316403999816124,-0.7011891627474705,-0.12784166707041583
185,7.708333333333333,0.09335554879859248,-0.6992016950074834,-0.23122025989626865
186,7.75,0.36755779518231413,-0.5947629336346177,-0.049806646591877016
187,7.791666666666666,-0.41675113896857124,-0.9675275962974829,-0.8363132468824828
188,7.833333333333333,-2.895411198660137,-1.6883866228036442,-2.6430634546909983
189,7.875,2.6519686888993284,0.4147306799532372,1.8425332795423885
190,7.916666666666666,-0.8105158168768791,-0.5297949527426242,-0.6028834453379647
191,7.958333333333333,1.3967751204378276,0.3406146536980391,1.2595988509043652
192,8.0,3.7652329907929674,1.0286297346273114,2.944392055734761
193,8.041666666666666,-3.240932941921434,-1.684994554365404,-2.7456139855401624
194,8.083333333333332,1.3554736100457165,-0.4721036114110707,0.3858402730536588
195,8.125,-3.1800626699927044,-2.1315354784295466,-3.131766141163117
196,8.166666666666666,-0.6291223535392848,-1.268657141307209,-1.2250024909646717
197,8.208333333333332,-0.6991086344056608,-1.053692288558821,-0.9532177576483307
198,8.25,1.2624451533704373,-0.19216840607144361,0.7496806517220035
199,8.291666666666666,1.0927478325508961,-0.28166701170645336,0.5764019386950776
200,8.333333333333332,-1.7640378222781619,-1.3559139113348937,-1.7599800999022681
201,8.375,0.7995988581230189,-0.5772561233643025,0.12992184470308699
202,8.416666666666666,-0.8229368915561582,-1.1703376835610901,-1.153770459351713
203,8.458333333333332,-0.7950777156386127,-1.2883453971693974,-1.306605922929738
204,8.5,-1.9258628089355347,-1.624299069896978,-2.1752015663914936
205,8.541666666666666,-0.6112713227308522,-0.9696490084002484,-0.9602117974862032
206,8.583333333333332,0.8395268946671506,-0.21486220939372533,0.35147672058152973
207,8.625,-0.9496576256949342,-0.596124228051994,-0.8352258295409805
208,8.666666666666666,1.534150628314343,0.46135861006663015,1.2062649288060145
209,8.708333333333332,0.2804480012468386,0.2220974032474008,0.4298568443538442
210,8.75,1.4512126757055697,0.7062140812459041,1.3560580120549326
211,8.791666666666666,0.5187897587174428,0.4425387281058382,0.727355313914532
212,8.833333333333332,1.8320055705819707,0.9034714945128435,1.8146924234647113
213,8.875,3.022193285826679,1.0438176404717772,2.5577213699214907
214,8.916666666666666,-0.7808566381289048,-0.8088457836881702,-0.9156052311127415
215,8.958333333333332,-2.319199306773941,-1.9074118898802392,-2.6400288749739143
216,9.0,-1.935781339634068,-2.0410600146221265,-2.550218720517975
217,9.041666666666666,-2.5942590592922885,-2.3104232118015644,-3.1128775497779517
218,9.083333333333332,-3.178359287052855,-2.067440229055635,-3.046390850932352
219,9.125,5.079715140981973,1.2148071046198803,3.860198527641693
220,9.166666666666666,0.5271177770860814,-0.22085198024025096,0.44722212192179506
221,9.208333333333332,-0.3828818844564955,-0.7455970378241497,-0.46584211979103585
222,9.25,2.8126091395617148,-0.011787426931545568,1.6226447986609307
223,9.291666666666666,-5.08600495467486,-3.098158083326747,-4.8623221920981985
224,9.333333333333332,-1.4642496975340924,-1.970315807900551,-2.2046137851442498
225,9.375,-0.1417010114339532,-1.3113274811312532,-0.896131573361356
226,9.416666666666666,-1.2327003444482585,-1.5139965380053375,-1.637488168774388
227,9.458333333333332,-0.1749026982832314,-1.0147005421589277,-0.7375785555860279
228,9.5,-1.0112625556757893,-1.0942978311390537,-1.2901052803549378
229,9.541666666666666,-0.9676571960418938,-0.7450110239502411,-0.9559822769556018
230,9.583333333333332,2.4673456571337637,0.7995116203790078,1.997157628025181
231,9.625,0.5573769936499627,0.37982829609982166,0.7458682904195849
232,9.666666666666666,1.9883190946073985,0.8752500452417473,1.7602704473565514
233,9.708333333333332,-0.25624553207135353,0.06462298073052267,-0.005956248339609332
234,9.75,0.9481046730946882,0.4360948684474856,0.8850280204648902
235,9.791666666666666,1.472746685480495,0.5246688359869511,1.2717752484292142
236,9.833333333333332,0.2295107661093598,-0.0989541433105924,0.1576306830932229
237,9.875,0.693892947315291,-0.3048155612460789,0.19028756470474648
238,9.916666666666666,-2.07712300507732,-1.576883162845116,-2.260147776477965
239,9.958333333333332,-1.9884286364307895,-1.7177251224359178,-2.346755689327893
240,10.0,-1.1863743601218284,-1.2573119754447655,-1.4736592789898169
241,10.041666666666666,1.561199238721269,-0.12928603020120938,0.8868463125430871
242,10.083333333333332,-0.04374275464359922,-0.631106723691314,-0.3465430277113588
243,10.125,-1.1663121448066087,-1.0279850758116478,-1.2289248474825776
244,10.166666666666666,1.2697200995523938,-0.16453745365610467,0.6510217869760364
245,10.208333333333332,-1.5551568359726868,-1.0545924183082929,-1.4294401987738552
246,10.25,1.070517568819731,-0.041949852620986446,0.7002914740493317
247,10.291666666666666,0.8649685524044836,0.015131668924132183,0.7340959892220508
248,10.333333333333332,1.2228882661382663,0.1713403722331605,1.1155321735323218
249,10.375,3.0654805102892504,0.5058517677991439,2.286786739522319
250,10.416666666666666,-2.6919701195393673,-1.873146612616107,-2.5297663259953276
251,10.458333333333332,-0.2540564613597997,-1.402076208159486,-0.9340998820298727
252,10.5,-0.6264990452870144,-1.6813855633115597,-1.2717616898120538
253,10.541666666666666,-1.8838769189208717,-2.2147824490768597,-2.2445379453554333
254,10.583333333333332,1.378888457097097,-1.163845223175827,0.2975504643273941
255,10.625,-0.8386115305283717,-2.140334195559718,-1.580721597614282
256,10.666666666666666,-2.5511147238370206,-2.936758241723672,-3.1009670799156255
257,10.708333333333332,-0.05715491132346047,-2.20355468421762,-1.2446381305265486
258,10.75,-2.3322505822863415,-3.0068278017444388,-3.0413410201932503
259,10.791666666666666,-2.2214299189232882,-2.87961472938356,-2.8755718452280057
260,10.833333333333332,0.19743005914961753,-1.7466847349384862,-0.6929449367673607
261,10.875,0.6687275987886336,-1.3785053910435967,-0.11427234338332959
262,10.916666666666666,-0.3481969934774048,-1.6920121267404502,-0.9675605503275925
263,10.958333333333332,-1.2041751684794408,-1.911225097631,-1.5212744749983442
264,11.0,2.2551363309040164,-0.7618666780003598,1.0222945129529855
265,11.041666666666666,-4.014693734747016,-2.8572737147777745,-3.7396797083103976
266,11.083333333333332,2.444001140872677,-0.5804746166520411,1.2695864871632516
267,11.125,-0.3795426988044204,-1.4702431645679406,-0.7888052747325407
268,11.166666666666666,-0.9207618987433278,-1.704280644151745,-1.2990198794789676
269,11.208333333333332,1.3410807113557688,-1.0267706347175634,0.34364776941712744
270,11.25,-2.774928367305588,-2.4513268512349877,-2.8461060399298885
271,11.291666666666666,1.0422894250201082,-1.1994604104442539,0.0136302782727567
272,11.333333333333332,-1.770510169501338,-2.0516846681277436,-2.035156448771786
273,11.375,-0.15619302491745957,-1.4018231482047456,-0.7100148745717573
274,11.416666666666666,1.1671981972366425,-0.7542457319584736,0.571360995597595
275,11.458333333333332,1.8103877073193861,-0.6734772952542722,0.9225222625252096
276,11.5,-1.8203236246384713,-2.2939559272749754,-2.3712239525740415
277,11.541666666666666,-4.831586245098422,-3.4712173180483505,-4.916968891449226
278,11.583333333333332,-0.591476741605887,-1.564852089514684,-1.1309898732146222
279,11.625,3.1601418645822066,0.24075614250083605,2.353315781031899
280,11.666666666666666,1.544744521523296,-0.16586533149172725,1.2188757112806008
281,11.708333333333332,0.4311891639579643,-0.789544833391662,0.02302332556080358
282,11.75,-1.7944045631775947,-1.659518688880611,-1.7753717496669905
283,11.791666666666666,1.6570792667862686,-0.5612966199551682,0.8338097063943639
284,11.833333333333332,-0.9421403198849205,-1.4346649748781233,-1.0533468156686603
285,11.875,1.9831817514973982,-0.6624773844966635,0.9942126349590541
286,11.916666666666666,-1.7060526369918265,-2.1693578517582996,-2.0511251836329714
287,11.958333333333332,-1.3146836730912284,-2.309498826167329,-2.0080630658886855
288,12.0,-1.0165821580655978,-2.2579834502648453,-1.7736697599969289
289,12.041666666666666,-1.1185291528383459,-2.282879636672043,-1.7890089140852308
290,12.083333333333332,0.059316801249375,-1.8640344404015274,-0.883412609337955
291,12.125,-2.244428727401194,-2.5763334958785995,-2.5762846230081675
292,12.166666666666666,0.37605450584838324,-1.4538654374862434,-0.29419194503462537
293,12.208333333333332,2.487482979310947,-0.6065996782607002,1.56022681745731
294,12.25,0.8108601551074863,-1.4719970827130344,-0.07116152574960467
295,12.291666666666666,-3.4296756391049437,-3.3781685817368663,-3.8641242846892836
296,12.333333333333332,-3.019471258619117,-3.2794839220571346,-3.5572975778795217
297,12.375,1.3147964585140028,-1.60537767594473,0.05963897089538349
298,12.416666666666666,-1.1739137904216033,-2.3110001273171408,-1.7443797573745308
299,12.458333333333332,-0.9427604058051008,-2.121591530977961,-1.4312610587381562
300,12.5,2.8104497150373797,-0.813344007189712,1.4860378646972456
301,12.541666666666666,-2.462596203375051,-2.8014821854529677,-2.809758016338353
302,12.583333333333332,-2.0503094880280512,-2.7314899896823333,-2.598008083872008
303,12.625,1.1678935878617513,-1.5304390304739017,0.04994358754350321
304,12.666666666666666,-1.0810386526636144,-2.2585942950236744,-1.6734935557170592
305,12.708333333333332,-0.957924246115728,-2.2271147557992177,-1.5868298705458377
306,12.75,1.0191484640983752,-1.5483322925027416,-0.05286183212124615
307,12.791666666666666,-1.312552697588722,-2.501896652564261,-2.0442209388605304
308,12.833333333333332,-2.383456120537109,-2.960068712797436,-3.0157388788619346
309,12.875,-0.3805534741878245,-2.254495210493196,-1.469587002010499
310,12.916666666666666,-2.094763828145189,-2.7176484592843027,-2.751416816882933
311,12.958333333333332,-1.6305561263701234,-2.3471140115906852,-2.2503439072373
312,13.0,0.4870693069513685,-1.314283698375087,-0.40719772248973835
313,13.041666666666666,-1.4303189326169063,-1.7064839037655233,-1.7527007474963228
314,13.083333333333332,-0.7640833672995836,-1.114452054393767,-1.0142740338618574
315,13.125,1.223929897261412,0.004821135643004727,0.8876510441284964
316,13.166666666666666,1.4770429361465445,0.4487498077649141,1.3588082161379202
317,13.208333333333332,1.7762198336472839,0.6170989954208767,1.5442045612313147
318,13.25,-0.5436629235335656,-0.17521950345274073,-0.3261603421199109
319,13.291666666666666,0.865788748979562,0.2699112169168695,0.6719639521660249
320,13.333333333333332,0.11196381145423451,0.061420721106055044,0.1396108637274538
321,13.375,1.0677730134038428,0.28457188129841055,0.7294475471404429
322,13.416666666666666,-1.2995709179160115,-0.629336375141723,-1.280113434174019
323,13.458333333333332,-1.9296537372488234,-0.8050458662259953,-1.7905788614620575
324,13.5,0.19874924834463334,0.2953376886505309,0.20945009980142118
325,13.541666666666666,1.5912695265829302,1.2275021062444054,1.7789238122936544
326,13.583333333333332,4.061349885372648,2.2821792506597816,3.915928359489886
327,13.625,1.7969235963205277,1.1992654943563388,1.769555223265314
328,13.666666666666666,-3.5571592678190047,-0.8795977460361953,-2.6048689934826337
329,13.708333333333332,3.2575352473491863,1.3849749464455603,2.696203295748772
330,13.75,1.3691057545050507,0.6547842096397306,1.3041024352121449
331,13.791666666666666,-0.04430137681553568,-0.3388046044999089,-0.3217526683535793
332,13.833333333333332,-2.6726541760045612,-1.5621136139222545,-2.578022792606856
333,13.875,0.7673926695550981,-0.612439372475748,-0.059027608343148054
334,13.916666666666666,-1.2573087357864619,-1.4664778169531323,-1.701365036883828
335,13.958333333333332,-1.5522551976314836,-1.8600167154862044,-2.260006621979733
336,14.0,-3.480140757470426,-2.559366910694753,-3.8318213510494807
337,14.041666666666666,-2.236720135013078,-1.8454239462488062,-2.5990279808966847
338,14.083333333333332,0.8864985214334811,-0.249283720725251,0.31707142254923915
339,14.125,0.9046879181858465,0.1488559419461648,0.678685340864355
340,14.166666666666666,1.2436190663373088,0.3965661630526441,0.9324004342440007
341,14.208333333333332,-1.2093555232051234,-0.41992590607347896,-1.062855460547533
342,14.25,-0.9250455259066066,-0.11148642018170611,-0.7169134445503345
343,14.291666666666666,1.7938072731785735,1.1232640229651887,1.6393402231391443
344,14.333333333333332,-0.06242285763185582,0.8376533852849062,0.5124370100655268
345,14.375,3.2000332332221473,2.1330365169765892,3.1905709884728553
346,14.416666666666666,1.3822716664978678,1.5289836549394582,1.7406496077928695
347,14.458333333333332,-0.632021943309107,0.8460218513261883,0.2684426526693065
348,14.5,5.689445890333054,2.8913166052710877,5.095864369326027
349,14.541666666666666,-0.5507647753381879,0.34347217084307397,-0.035296701615585305
350,14.583333333333332,-0.7932710774133167,-0.31807275694050346,-0.8064604016396882
351,14.625,-0.6504743058952419,-0.611579295656154,-0.8689678516266287
352,14.666666666666666,-1.0798846381922678,-1.0191540559354566,-1.4310037127687587
353,14.708333333333332,-2.471964715399692,-1.5317591826550232,-2.408321373629137
354,14.75,1.8284125500917368,-0.011401878006350806,1.0092364651925518
355,14.791666666666666,-1.12622095844729,-1.006804159917299,-1.1652404449084277
356,14.833333333333332,0.28624289020566923,-0.5969233894911344,-0.13975564284741837
357,14.875,0.6262397835597805,-0.598254588337798,0.0878022924166748
358,14.916666666666666,-1.239525214992214,-1.439947028878436,-1.5619746761053521
359,14.958333333333332,-1.126778035609342,-1.5791432297938286,-1.6158408523662469
360,15.0,-1.1743966341429712,-1.62779360672616,-1.6852190194255063
361,15.041666666666666,-1.3857955838897158,-1.6140708057003619,-1.7200970912275197
362,15.083333333333332,0.5376235298144101,-0.8006444002444828,-0.08017690760280216
363,15.125,0.007611140404131933,-0.9003953481951218,-0.378445945861915
364,15.166666666666666,0.07453635027785968,-0.9027288387537484,-0.3887534513298913
365,15.208333333333332,-0.12943917217975048,-1.0709935313516814,-0.6081340873394468
366,15.25,-0.046072685326462956,-1.2887950076344377,-0.8782538225301251
367,15.291666666666666,-4.406547655154757,-2.9437606913782086,-4.487314505796409
368,15.333333333333332,-2.29962697048995,-1.9579773581289048,-2.6510430847519
369,15.375,1.5230809359007293,-0.16840125400043762,0.7702238708747802
370,15.416666666666666,-0.8900952472762662,-0.6059568988864549,-0.8692130044553844
371,15.458333333333332,-0.7378879341782596,-0.12950443992698618,-0.4219851912415554
372,15.5,3.349587395693822,1.7784862240819141,3.1940127890379624
373,15.541666666666666,2.6998777011370994,1.775258895182957,2.8958348474712903
374,15.583333333333332,1.3596326195368926,1.1577117590364274,1.567717138335795
375,15.625,-0.9734474238229205,0.23095442800661026,-0.32173630570735245
376,15.666666666666666,2.7503880784489767,1.425104058135773,2.508936468249686
377,15.708333333333332,0.7054573379071744,0.5525343743120849,0.8885586323526513
378,15.75,0.8896540173972695,0.17943568884959307,0.5777525469226712
379,15.791666666666666,-2.219594415991829,-1.273097735038754,-2.1148166934636334
380,15.833333333333332,-0.5409354252746075,-0.9824624863342221,-1.0961100048905292
381,15.875,-2.467641541499689,-1.7095780590855219,-2.587900165343905
382,15.916666666666666,-1.3578038169931892,-1.1631184080780221,-1.5591961189806596
383,15.958333333333332,1.3081141371848228,0.04139333705252225,0.8864874386869498
384,16.0,1.565363314067392,0.18618484074264316,1.0838178165577013
385,16.041666666666664,-2.5249277693632415,-1.261418727503314,-2.160984722647973
386,16.083333333333332,0.7667403416316846,0.019774974119724165,0.5791957678208368
387,16.125,3.0794235391051763,0.8739243284454014,2.495264099105769
388,16.166666666666664,-1.1927538868908631,-0.7430541060082266,-0.9463054981055598
389,16.208333333333332,1.0722864101157155,-0.27430549963402046,0.5310063793545278
390,16.25,-0.5543534331169712,-1.0974484682668904,-0.9123402571817503
391,16.291666666666664,-1.105993680762148,-1.7074468992884757,-1.7662270772539144
392,16.333333333333332,-3.6354068033471534,-2.7976792602736915,-3.978196248418553
393,16.375,-2.8904926831656605,-2.400546780739849,-3.2368818022837336
394,16.416666666666664,0.939879621900813,-0.7064601229622334,0.08673612685936173
395,16.458333333333332,-1.2584523077952965,-1.116922377913454,-1.3339785233671586
396,16.5,0.00783965703975549,-0.31101043555829944,-0.0581479367988429
397,16.541666666666664,2.712365084952389,0.9251831307420001,2.3403418777190548
398,16.583333333333332,1.5029601533426014,0.5384042285124815,1.390218676694438
399,16.625,0.15983779605845513,-0.25522870990253665,-0.09606645231897662
400,16.666666666666664,-3.2418028415860207,-1.58972422242853,-2.947870023967933
401,16.708333333333332,-0.16321850296916138,-0.4555559416973622,-0.5037463559269709
402,16.75,0.17303659361558707,-0.04807028447731973,0.07148420015900124
403,16.791666666666664,0.7565972862115372,0.2579914060653094,0.5369877623440897
404,16.833333333333332,-1.2905612619449718,-0.2505673505164009,-0.8793157887624369
405,16.875,2.5073916153719384,1.1527965192526195,2.1113875637286403
406,16.916666666666664,-0.5334162787767355,0.20118322005747843,-0.17408073238659205
407,16.958333333333332,0.8881999863592679,0.615789815832347,0.8099709592368287
408,17.0,-0.0011026674822154452,0.21716505566090222,-0.08784236905800485
409,17.041666666666664,-4.162515423436224,-1.0248272227344124,-3.1240289816179363
410,17.083333333333332,4.284151924793034,2.3039139656200756,3.8527289682369017
411,17.125,2.191335833062436,1.8971682922980482,2.6327945157916264
412,17.166666666666664,1.971261392333841,1.6730547479712343,2.2426823371711357
413,17.208333333333332,0.8384101890310826,1.0221572599409579,1.1901822330328615
414,17.25,1.2133717093682204,0.7927982903712445,1.1829310538051483
415,17.291666666666664,-0.12695436474756266,-0.11896522337194253,-0.19131132120429367
416,17.333333333333332,-1.045704379287434,-0.9268930957685325,-1.3676184615391922
417,17.375,-3.4134901126756807,-2.034968043718736,-3.433366417266305
418,17.416666666666664,-1.1389589064096581,-1.200686039826249,-1.532763847472572
419,17.458333333333332,0.6633161929822372,-0.482124226891961,-0.015103446095301143
420,17.5,-2.3672341842926232,-1.3514030225175144,-2.153383212770801
421,17.541666666666664,2.592731842215508,0.33823010200675657,1.6143830693520573
422,17.583333333333332,-2.7555414962908964,-1.46601945261858,-2.5168854660049176
423,17.625,-0.9465650786761209,-0.8323018890284809,-1.2118200927227576
424,17.666666666666664,-0.31286398429432566,-0.2630806963142935,-0.33395335418560546
425,17.708333333333332,1.6748856650569937,0.6446828744656908,1.376703591980036
426,17.75,0.4041942560383298,0.3310798455193607,0.4963224059182955
427,17.791666666666664,0.7608496477123314,0.30213255568464903,0.4871675413429728
428,17.833333333333332,-3.0831337925626796,-0.9637376050631418,-2.466288613068066
429,17.875,1.479552208576355,0.7742624970842493,1.1926749749743535
430,17.916666666666664,0.7204432339329722,0.7967664550552275,0.9101714732597685
431,17.958333333333332,0.7533412396168584,0.821897782144912,0.8295658789003438
432,18.0,-0.8846086745879123,0.4002638143619861,-0.29661894220123447
433,18.041666666666664,2.4596845317355527,1.587355858625705,2.2545912146737686
434,18.083333333333332,-1.6498486773852548,0.3506705028630853,-0.7418670111828307
435,18.125,2.286025281503258,1.8385129908362243,2.428186495336761
436,18.166666666666664,2.4344202797092223,2.0638816801340303,2.829363932943845
437,18.208333333333332,2.6017621771706776,1.8563813689532376,2.6862865376836034
438,18.25,-0.8522050382606392,0.31178988385963285,-0.2810858240218414
439,18.291666666666664,0.576093640472782,0.37846670900852736,0.4326575690714412
440,18.333333333333332,-2.2905123649408083,-0.7337495247353567,-1.7893081644716362
441,18.375,1.6335791188165028,0.56770627650177,1.3598095182706826
442,18.416666666666664,2.3087444288975467,0.6015842984960317,1.7762432959723506
443,18.458333333333332,-2.8828879070603017,-1.6112229264643871,-2.631443369227493
444,18.5,-1.0421292609532176,-1.2749036661221147,-1.484942454783639
445,18.541666666666664,-1.8314686400338966,-1.5317913996039365,-1.964711209545192
446,18.583333333333332,-0.24924613220510297,-0.8356984044445067,-0.5513500938985975
447,18.625,0.777520069215427,-0.2956361216189798,0.5398924021925614
448,18.666666666666664,1.4982994427527856,-0.03513074551578339,1.127682948873172
449,18.708333333333332,-0.14904413494521287,-0.7496348873740352,-0.20779276762564938
450,18.75,0.8808882043362154,-0.676441790917672,0.3325049377436433
451,18.791666666666664,-1.408057959513851,-1.7458075126483388,-1.5985322099837418
452,18.833333333333332,-0.23323750033844556,-1.652404197857532,-0.9839382966798498
453,18.875,-2.6615385732213777,-2.604319961478891,-2.8303589543047103
454,18.916666666666664,1.4573090688726555,-1.3188815921796786,0.2896738318999006
455,18.958333333333332,-1.5327531937563001,-2.588265714949493,-2.2188957048297624
456,19.0,-3.7599656545652027,-3.538511912018094,-4.15589532687787
457,19.041666666666664,-0.5309591480230785,-2.3604929139227444,-1.5276073579310832
458,19.083333333333332,-0.7628232885353773,-2.243664402036586,-1.4760206623876018
459,19.125,-0.1372563394905855,-2.0265246198409868,-1.0342641003761992
460,19.166666666666664,-2.1430673641676017,-2.683586792893398,-2.609636845456016
461,19.208333333333332,-0.666214405243577,-2.123306915196969,-1.4516695194628009
462,19.25,-1.0443878391254595,-2.119015571899645,-1.694805841565828
463,19.291666666666664,-1.9377530684393374,-2.2175299710550984,-2.2138400141215473
464,19.333333333333332,1.2919812618201383,-0.8830178187655384,0.4172508020689814
465,19.375,-1.1031640479634626,-1.5424223085191413,-1.3122425479754023
466,19.416666666666664,0.30522671501720045,-1.0706810987786215,-0.4132719154121141
467,19.458333333333332,-3.0009949709121435,-2.1246380907088938,-3.0130679642577074
468,19.5,-1.9183077166724727,-1.370051763707551,-1.921544209180589
469,19.541666666666664,2.3707080662777105,0.6519219640080199,1.9247110813369495
470,19.583333333333332,1.4504044511547902,0.6178085447029774,1.3044123931459877
471,19.625,-2.107793026593963,-0.46053588507450893,-1.4622318084455894
472,19.666666666666664,1.2449050586755113,0.9860899651617907,1.2850461255606402
473,19.708333333333332,0.8980896874554651,1.2885414553016228,1.4352654456515619
474,19.75,3.199434075798011,2.2663922106716994,3.292284479793027
475,19.791666666666664,0.5682423256244448,1.3399384584259937,1.1807865377135176
476,19.833333333333332,0.2505457245110294,1.1323917459187294,0.7463065556084525
477,19.875,0.4124641386137819,1.1930876699664097,0.8896610115462978
478,19.916666666666664,0.8668603098671185,1.4660528150945342,1.4038182478422794
479,19.958333333333332,3.182361683996636,2.1983579390112373,3.1953835984505963
480,20.0,0.3399289033736597,0.938705427434274,0.7289797981917484
481,20.041666666666664,-0.5338624017043139,0.21579931430607657,-0.3304798530408937
482,20.083333333333332,-0.16752683063993754,0.0017657961224536495,-0.33823088471710705
483,20.125,-1.9786038031392041,-0.927975885194994,-2.0309120028313594
484,20.166666666666664,-2.6661891140621523,-1.2335074631721947,-2.6368744637625623
485,20.208333333333332,-0.26402816346276714,-0.31407676712143523,-0.6959050845493456
486,20.25,-2.259847490191098,-0.7612548977011004,-2.1229190397147963
487,20.291666666666664,-2.032050851870615,-0.18800971083289658,-1.5001349009738547
488,20.333333333333332,3.9583809087020123,2.4662991187001477,3.6735289084702645
489,20.375,1.1956364930677337,1.8413714915438053,1.7911108803703022
490,20.416666666666664,1.2997453341990044,1.8741567016113772,1.7155220403662732
491,20.458333333333332,0.20693240968993856,1.431006530543392,0.7062543441549324
492,20.5,-1.2772554189070058,1.0430788478329076,-0.35152754318883983
493,20.541666666666664,3.227411810651519,2.6951602879867926,3.2093155883679314
494,20.583333333333332,-0.6257270566948158,1.448356456081241,0.2574460791149766
495,20.625,-0.04434734066685246,1.6487798923679362,0.6119894021402332
496,20.666666666666664,0.4862589966936781,2.1386841869283457,1.3792588182367427
497,20.708333333333332,3.982722206948922,3.5270668201213606,4.330969517632462
498,20.75,2.7896102995705534,2.9513188210656813,3.260607385317221
499,20.791666666666664,-0.4336226228223458,1.2790476068924095,0.13597207324237184
500,20.833333333333332,-2.8908347207316796,0.09061322295978351,-2.10195684693806
501,20.875,0.2752931944602333,1.121507418803853,0.35452938120068356
502,20.916666666666664,-0.5524611813583797,0.9562235848406667,-0.16692890119253906
503,20.958333333333332,-1.0830166334521671,0.9600939979878996,-0.39211333345287813
504,21.0,2.055996621954492,2.316858369115135,2.3000017923761953
505,21.041666666666664,0.9632653118892279,2.145703966887967,1.691050708142531
506,21.083333333333332,2.1049517775785445,2.5378588786208276,2.533104585459429
507,21.125,0.8837571385642603,1.969309165389372,1.4726039551763637
508,21.166666666666664,0.110588809315577,1.433166331999117,0.529930835273008
509,21.208333333333332,-2.3163590570433503,0.5347054570720967,-1.3684433970270595
510,21.25,1.5392845874298982,2.0248549590548506,1.8110854998246542
511,21.291666666666664,1.6063660931266546,2.252016329212204,2.197907426873366
512,21.333333333333332,2.9305771266942364,2.557437296558742,3.054701502332194
513,21.375,-1.2153333492465783,0.7906514156320448,-0.4832072545556775
514,21.416666666666664,-0.8973723070115479,0.6562893265349438,-0.46356088741572393
515,21.458333333333332,0.30388548403243343,0.9742662232036272,0.4084483292934285
516,21.5,-2.3839254811001074,0.23411522339733443,-1.414627879926618
517,21.541666666666664,3.862505862748162,2.574288751643733,3.72360061318833
518,21.583333333333332,2.58275797996039,2.0927647022407045,2.784668781154177
519,21.625,-0.2600347703019862,0.5863777064875363,0.029287066264213263
520,21.666666666666664,-2.143466689841403,-0.490332805176612,-1.8204583793989768
521,21.708333333333332,-0.9097872217184564,-0.2740258452111233,-0.9826028519836305
522,21.75,-0.7415804596181329,-0.2317843995879089,-0.8007328720442499
523,21.791666666666664,-0.47796061391636446,-0.1619602286834366,-0.5622684097285641
524,21.833333333333332,0.034363374897376155,-0.061151843992944245,-0.2782426714502832
525,21.875,-2.8163357830411893,-1.0700633195043003,-2.5475096772830934
526,21.916666666666664,-0.7020656715994293,-0.15936418789661683,-0.7695549700229399
527,21.958333333333332,0.44698857167959416,0.5318563188181209,0.41290847954582915
528,22.0,0.30239345243811144,0.6978789644551446,0.4333618205522496
529,22.041666666666664,-0.19480390572254894,0.6505912871397771,0.08062646857238179
530,22.083333333333332,0.11606250627931934,0.9638506548474309,0.49590872657877905
531,22.125,2.1693264987907095,1.6830479475457527,1.9913967207141567
532,22.166666666666664,-2.8765072118907815,-0.00977913442956754,-1.9887233183702613
533,22.208333333333332,-0.6820450096420246,0.9653382730558627,-0.1900607562223634
534,22.25,1.3730981140509235,2.3158097357090335,2.1337063028464636
535,22.291666666666664,6.170206919451318,4.187945168969509,6.028810936512888
536,22.333333333333332,0.1588567029824351,1.8852441707532261,1.0769649629890137
537,22.375,-1.061942331809274,0.9388478791320567,-0.5726304094812664
538,22.416666666666664,-2.9924334680478464,0.29897715417840703,-1.9616367051720385
539,22.458333333333332,3.4626878250495094,2.585691830101913,3.063146012862495
540,22.5,-2.5161180718209257,0.6949787098439739,-1.4178056653175355
541,22.541666666666664,0.367625477903128,1.7748890711055656,0.7633217263128448
542,22.583333333333332,0.18178293070327384,2.1423505273957955,1.0732322612114338
543,22.625,2.8888807354708,3.3577456018931366,3.4109857576160514
544,22.666666666666664,2.3382861581037706,3.237976930982312,2.9995397551408995
545,22.708333333333332,-0.47384005938979235,2.0911737204155783,0.5131382128481312
546,22.75,-1.3533610959549929,1.87449168337564,-0.1256717944739653
547,22.791666666666664,2.3335533886602016,3.4859124377293838,3.1399589898827855
548,22.833333333333332,4.043839558781783,4.308572113669652,4.7390116669094615
549,22.875,1.3465070044298093,3.2422154725234087,2.495422974803121
550,22.916666666666664,1.0634975586289783,2.95751646703995,2.16593340192568
551,22.958333333333332,3.7003578544002367,3.4880358484852523,3.9129592694695865
552,23.0,-1.9893356859878335,1.0808390971969808,-0.8970140689454555
553,23.041666666666664,-1.0883009720189611,1.0493293604999778,-0.4721443264841685
554,23.083333333333332,0.708935808608013,1.6482960186642708,1.0227900337908782
555,23.125,-0.4966896322827598,1.2564850405837278,0.18770836925890014
556,23.166666666666664,0.8295691488974822,1.8402890092528772,1.448428075171047
557,23.208333333333332,3.353425169615555,2.6881824860868755,3.4887966900102696
558,23.25,-0.12281964956221796,1.3220850383679246,0.712062834320263
559,23.291666666666664,1.6928068888607346,1.632484563671839,1.9541455101615914
560,23.333333333333332,1.8818277479521517,1.2624612957595038,1.788182879111102
561,23.375,-2.504735205731048,-0.7808011543583744,-2.0071149313481684
562,23.416666666666664,-0.41181613267749484,-0.4632788112656573,-0.6883855736305182
563,23.458333333333332,-1.5858434973015116,-0.9887650367912503,-1.4789800278426082
564,23.5,1.9397502125673347,0.009742797981711564,1.157276419820049
565,23.541666666666664,-1.6326833228482043,-1.59304292232305,-1.8940134235570645
566,23.583333333333332,-3.1469693223359423,-2.4059748320127574,-3.2878719462193646
567,23.625,0.6626948857706687,-1.3086137214426656,-0.49675573334287315
568,23.666666666666664,-4.958403497811682,-3.216852088967396,-4.802963157580773
569,23.708333333333332,-0.3019297828434477,-1.4234758988909075,-0.975279289983103
570,23.75,1.067700901032418,-0.6260258910940201,0.4291205464180981
571,23.791666666666664,-1.4327273000047287,-1.3195617691549875,-1.3570151626100821
572,23.833333333333332,1.4098515091576735,-0.23899290477803153,0.899123989678024
573,23.875,0.0830459966327381,-0.6360827624169082,-0.008575594682775483
574,23.916666666666664,0.7027742609263136,-0.5755327424913657,0.23748708088021173
575,23.958333333333332,-1.8592975017798905,-1.5480687785853533,-1.7538480604587798
576,24.0,1.6318516605215327,-0.55698159086853,0.6640647039047007
577,24.041666666666664,-4.037372423008111,-2.5945987803130213,-3.7887797263246705
578,24.083333333333332,-0.999848516912727,-1.4641746448078803,-1.4400000145668854
579,24.125,0.08766272906803603,-0.6734674494075801,-0.04673532447132688
580,24.166666666666664,3.0513134195601084,0.4552797327066986,2.2474829344255545
581,24.208333333333332,-3.061463154499126,-1.6284119860843709,-2.477402638045809
582,24.25,1.4278006192608779,-0.04024969309479554,1.0043742905008775
583,24.291666666666664,1.5780663915543576,0.054859037204060525,1.2370859697303571
584,24.333333333333332,-1.2551818781978277,-1.0517219519404648,-1.1294630785738553
585,24.375,1.0285554705435764,-0.44583902806176706,0.5417444136877417
586,24.416666666666664,0.529129087162792,-0.9741544222544177,-0.2590364808591624
587,24.458333333333332,-5.707954442368293,-3.4258246232021246,-5.448379179876641
588,24.5,-1.867947688334133,-1.9639097985127167,-2.3906645125675787
589,24.541666666666664,-0.12374847555155774,-0.8140040027297705,-0.4119487844627162
590,24.583333333333332,1.8583332953666145,0.24470889461180295,1.3912692897570282
591,24.625,-0.7628502624997898,-0.4307473259062436,-0.48088078346194624
592,24.666666666666664,1.3537588625203478,0.4652895631709413,1.2592937270261138
593,24.708333333333332,1.5281207879420777,0.5668156495813266,1.3957056975631432
594,24.75,-0.9833588713818097,-0.2932309608232775,-0.5483162285431361
595,24.791666666666664,2.6592633218698385,0.7503256471387748,1.9916150606738723
596,24.833333333333332,-3.9547235599017885,-1.5347546948004345,-3.110032480236
597,24.875,2.776071570374765,0.7346187231147773,2.0802164615361787
598,24.916666666666664,0.6327896636472097,-0.10742667647156862,0.30641549670474827
599,24.958333333333332,-4.271245243010938,-2.003044825454026,-3.7736430013904405
600,25.0,0.4782938300789619,-0.2700327670585956,-0.013451098879404749
601,25.041666666666664,-0.09023779549041781,-0.19179050333942246,-0.1119044017277761
602,25.083333333333332,1.5303666886291154,0.37087215600424206,1.0412093637397635
603,25.125,-2.5244411875807296,-1.1019444190326038,-2.297716058570039
604,25.166666666666664,-2.457183914049333,-0.8475222023400211,-2.069322717444762
605,25.208333333333332,3.3632203543739405,1.4771713289460409,2.705705225623079
606,25.25,-2.1743316919061497,-0.09172213348015126,-1.3391215194254045
607,25.291666666666664,1.568925038120656,1.4379584090592654,1.702283492432107
608,25.333333333333332,2.014568674882814,1.9078922123399582,2.322928592024468
609,25.375,0.6292884412063399,1.583792217500752,1.3940909608646355
610,25.416666666666664,4.0297169235664105,2.6660835211577703,3.8973051399847334
611,25.458333333333332,-1.0972833837599545,0.6276937766794431,-0.3632670194525216
612,25.5,-0.7448328527444734,0.5229021289756964,-0.3268463598851341
613,25.541666666666664,1.6046192886936885,1.2099011118363319,1.43440396971011
614,25.583333333333332,-1.6490859770530328,-0.007158472937942435,-1.19029149481146
615,25.625,-0.2651531080339959,0.39157109500422427,-0.19820357825749768
616,25.666666666666664,-0.2514397231322263,0.4991249001613179,-0.08857415390409355
617,25.708333333333332,-0.12732502435673926,0.6898499149733901,0.20390202297794147
618,25.75,2.8432545239158955,1.6783419839666616,2.407116528145345
619,25.791666666666664,-3.29280065176428,-0.564351827750419,-2.581316256822557
620,25.833333333333332,-2.3402776302999384,-0.01419263182689606,-1.6737727967853735
621,25.875,3.837007785899798,2.6104468158522036,3.681376142793602
622,25.916666666666664,1.9771917088579385,2.251916957421003,2.5080598161635725
623,25.958333333333332,1.5255572312043166,1.9378105635204843,1.9172609669144094
624,26.0,-0.40733227013685464,1.117823026308411,0.23454981994259413
625,26.041666666666664,0.18274443100002236,1.2423529901364825,0.645790817870474
626,26.083333333333332,1.2567006280802755,1.6307598525376843,1.5389301280289078
627,26.125,0.5718796030497482,1.3367463420411139,0.9998089922010255
628,26.166666666666664,0.8088860612411836,1.3148218024609064,1.1131291671827137
629,26.208333333333332,0.6692518529227518,1.0667547991070208,0.8352593958737983
630,26.25,-1.5765972686794874,0.21105985100207378,-0.949690750289409
631,26.291666666666664,1.5011291823870128,1.2813344520311691,1.5607972364781493
632,26.333333333333332,1.9167734193379689,1.3916141876504775,1.9436779476242558
633,26.375,0.37473114310377975,0.5620521176900299,0.5360284920409366
634,26.416666666666664,0.06838206189183049,0.03543078530037957,-0.09711291385636242
635,26.458333333333332,-2.03468867338988,-1.0291250295700034,-1.9577170484476254
636,26.5,-0.7618776271429284,-0.7911024949482891,-1.1351251222835466
637,26.541666666666664,-0.9882321505853658,-0.9144042705235139,-1.2047357765359212
638,26.583333333333332,0.5901722823509978,-0.5774717271028763,-0.2706474085836607
639,26.625,-5.133128497749884,-2.570168155168141,-4.694567920753534
640,26.666666666666664,0.5374675641055219,-0.4462814848545561,-0.2197618352714698
641,26.708333333333332,-0.6954140821825594,-0.45706028909268803,-0.67767062385365
642,26.75,1.0287562973314364,0.2857387175507657,0.5804387025795933
643,26.791666666666664,-3.3106396518875876,-0.7876123743684097,-2.3193193774918326
644,26.833333333333332,5.502131450579755,2.5731338865140296,4.731473235213693
645,26.875,-0.08780113641321917,0.8751319521032782,0.682134762842172
646,26.916666666666664,1.7506490096588418,1.4010419658242605,1.9039585269228128
647,26.958333333333332,2.342457119366779,1.4357652851145146,2.310503456781748
648,27.0,-0.11851116832277335,0.16179582175905902,-0.06332189528167874
649,27.041666666666664,-1.4677463149754826,-0.7343710452251369,-1.446691779752887
650,27.083333333333332,-0.5631389235604766,-0.8222782616646458,-1.2287631104495549
651,27.125,-5.848375340294899,-2.604765215859724,-5.1838446518551455
652,27.166666666666664,2.9164233038680227,0.6054983584446053,1.7356699493967327
653,27.208333333333332,-2.0604356390541527,-0.7877741191438078,-1.7523091671091633
654,27.25,0.09729219385394713,0.07410163205514321,-0.1572099696058446
655,27.291666666666664,-0.49306453694645785,0.17391275127816044,-0.31463562088340197
656,27.333333333333332,0.7604179319461166,0.8516656937330457,0.7437575858224181
657,27.375,-0.4306553128570567,0.7465671926555574,0.07310386897259905
658,27.416666666666664,1.3173311396736258,1.6858172849805562,1.6562980790815254
659,27.458333333333332,2.09756274415787,2.2796728978608183,2.6077596483404673
660,27.5,3.0422908114627067,2.682867776615223,3.356948354686718
661,27.541666666666664,1.2260774488686623,1.8954881253380667,1.8170348767835265
662,27.583333333333332,1.1449403677423364,1.5294964536505373,1.3702748214517246
663,27.625,-1.0452720714312018,0.5006001242126715,-0.5141692410886445
664,27.666666666666664,0.7555959605172835,0.8685804303926092,0.6115234392267014
665,27.708333333333332,-2.120271002827765,-0.20226122894201623,-1.622207686681527
666,27.75,0.312764152616678,0.6736085406894362,0.2845593169714628
667,27.791666666666664,0.3840662645987121,0.8564273368990856,0.5816502877537302
668,27.833333333333332,0.8900886207451215,1.0714026208142367,0.9432569354629627
669,27.875,-1.1207522008967088,0.4937584730498592,-0.4631186079255059
670,27.916666666666664,2.320246637201226,1.8343684656986694,2.3623502577296307
671,27.958333333333332,1.5403386999967625,1.6511525889022056,1.9240363786564207
672,28.0,1.2622259429010048,1.4582932302302554,1.6244671658467635
673,28.041666666666664,1.6407156595761907,1.3803996831378094,1.827585589591419
674,28.083333333333332,1.1939350364675305,0.849205203547623,1.1403170721955462
675,28.125,-2.367651597503943,-0.7185029497156763,-1.8691385881148987
676,28.166666666666664,0.6095568556934815,0.2091820487048383,0.5035384549393316
677,28.208333333333332,2.6946696953312212,0.7423928540246264,2.0824374534206957
678,28.25,-2.1722888719954496,-1.2563744447377423,-1.9316266176911217
679,28.291666666666664,-0.3088250255748944,-0.9391571219729062,-0.7303698812365037
680,28.333333333333332,-0.47670167889546894,-1.0318817436200702,-0.6746109183269204
681,28.375,2.6043237571850333,-0.2850812658437864,1.4998700179423066
682,28.416666666666664,-2.939804590792758,-2.626988758273827,-3.1770921378859334
683,28.458333333333332,-3.1873303818020386,-3.023024571098839,-3.6271520891048707
684,28.5,0.08513583157847061,-1.8176878676440944,-0.855618566148032
685,28.541666666666664,0.0377697940884402,-1.8501352955024866,-0.8665414773061652
686,28.583333333333332,-2.4717733277922553,-2.730594615711631,-2.8030086785700217
687,28.625,0.24048958332821566,-1.8053627762595088,-0.7226982444761233
688,28.666666666666664,-1.696460642804808,-2.2459970754414003,-1.8936401789762167
689,28.708333333333332,2.872491032269383,-0.7115041624149103,1.5659122719710534
690,28.75,-3.546842737839389,-2.872885527564312,-3.345026923085368
691,28.791666666666664,0.6700224169468797,-1.30548108781453,0.10023245137101285
692,28.833333333333332,4.113762697328075,-0.03093462263847214,2.983310880008897
693,28.875,-1.2950755344204592,-2.270374220550595,-1.617094198558153
694,28.916666666666664,-2.9574148222978796,-3.1150981030998577,-3.125491444268282
695,28.958333333333332,2.130259375638048,-1.4720873008337176,0.8289786995345023
696,29.0,-2.2633004334706195,-2.9954170916970604,-2.495579706583265
697,29.041666666666664,0.4851894132284806,-2.0784481817635094,-0.24266622054513975
698,29.083333333333332,2.9638135273372055,-1.345084009352664,1.671863517842733
699,29.125,-1.9572482243839404,-3.3151416707276393,-2.1652796591511656
700,29.166666666666664,4.40806817487879,-1.852967234566933,2.1007728854821703
701,29.208333333333332,-6.046952311827892,-6.224351205094873,-6.568394513755183
702,29.25,-3.079902688239215,-5.951858938817592,-5.049383019867528
703,29.291666666666664,-6.11709049577736,-6.980180835388084,-7.132322494510376
704,29.333333333333332,0.47429213413407695,-4.4594325539099975,-1.6723075873898237
705,29.375,0.22869441569931873,-4.390410889967367,-1.5923010764589305
706,29.416666666666664,-2.4376765528350126,-5.480930566587234,-3.896264627786081
707,29.458333333333332,-2.5262449572666488,-5.699439580132666,-4.202483943677278
708,29.5,-3.9803941066692956,-6.009453375341794,-5.108709839567641
709,29.541666666666664,1.2665723794611452,-3.9598391930481864,-0.7896021693780237
710,29.583333333333332,-1.3674117723626633,-4.691237438444121,-2.6880837363706735
711,29.625,-2.154812226989896,-4.971399744526949,-3.441867386666642
712,29.666666666666664,-2.4314300554447437,-4.722895100438327,-3.297453477171869
713,29.708333333333332,2.9747689374693054,-2.5233555523764224,1.2885017401396839
714,29.75,1.5384920863172515,-3.0306474177740483,0.14990473330936388
715,29.791666666666664,-2.414372693628445,-4.77893313427588,-3.364971245952778
716,29.833333333333332,-1.6673793077137098,-4.759792581329494,-2.9898322089498173
717,29.875,-0.16526852592910438,-4.435412711701295,-1.9639105762303306
718,29.916666666666664,-3.5592002295526735,-5.762167006518815,-4.783329083107161
719,29.958333333333332,-2.5175249630589165,-5.384858606146026,-3.9065963312363046
720,30.0,1.038708979652562,-4.093597467889603,-1.0947833599122103
721,30.041666666666664,-3.6314134057296124,-5.754485626467263,-4.81629499928791
722,30.083333333333332,-2.6234454344995117,-5.4159055822671105,-4.19323846290257
723,30.125,-2.622105972528039,-5.093342024086908,-3.8789159101122617
724,30.166666666666664,0.19011179419378096,-3.7875413408388137,-1.5102224510206415
725,30.208333333333332,-3.0045275040389554,-4.486078616453011,-3.6938220976371703
726,30.25,1.0428910976314876,-2.6476909389424192,-0.18993957423460286
727,30.291666666666664,2.3414706583118687,-2.0758038957411586,0.7406023220446051
728,30.333333333333332,-6.583947227827236,-4.927106403766285,-6.094828632322367
729,30.375,3.516735653636077,-1.0964068626277044,1.978137720167699
730,30.416666666666664,0.7292553701680871,-1.5392015613355148,0.37955924720283235
731,30.458333333333332,1.965902060724768,-1.13914012095645,1.1758430360971803
732,30.5,0.4198366648095081,-1.8237214122484562,-0.18737779919865447
733,30.541666666666664,-0.8941332759527154,-2.665394984943561,-1.7215707610830202
734,30.583333333333332,-4.351745802396945,-3.8823301507106516,-4.416032804149041
735,30.625,1.8184250214979945,-1.5788508799357472,0.5809496124749838
736,30.666666666666664,0.5777233269212502,-1.8035406945355414,-0.11544374980330904
737,30.708333333333332,0.5285090331579894,-2.0373143395483,-0.427882028975534
738,30.75,-1.9544791785319011,-3.168114277810367,-2.697424270355714
739,30.791666666666664,-2.917880914962395,-3.615508718935466,-3.5479734884562513
740,30.833333333333332,0.2861280165618691,-2.4915092682681546,-1.104503942377602
741,30.875,-3.2105645723250498,-3.5773006670600287,-3.7092791301663834
742,30.916666666666664,-0.6951285115709112,-2.6034778231285567,-1.8611335703963567
743,30.958333333333332,-3.851861202824931,-3.173559612108342,-3.772573404910741
744,31.0,4.321500654366291,0.07428959825600584,2.851418412922021
745,31.041666666666664,-1.1837209812301652,-1.5107759794920699,-1.1477226617078502
746,31.083333333333332,1.0479243454590192,-0.7598284151993032,0.38504156540582646
747,31.125,0.0037839540504306947,-1.2298561367031702,-0.6620218325203727
748,31.166666666666664,-4.82050820016873,-2.838106931871167,-4.508423186395504
749,31.208333333333332,0.6511728678014207,-0.61254350082112,-0.016679387401466107
750,31.25,0.39870576334329144,-0.1522076641948134,0.27242538308653985
751,31.291666666666664,1.0589498677060987,0.3586327433429043,0.9076401165695454
752,31.333333333333332,0.6438605659974685,0.4033421453296478,0.635466156077302
753,31.375,-0.183158711839775,0.14042503013686838,-0.1967553311025849
754,31.416666666666664,-2.939284025173506,-0.5083579098177246,-2.179789546644476
755,31.458333333333332,1.9150801812151845,1.713656638713751,2.062597585321985
756,31.5,3.8064869801697894,2.8780897203083557,4.000483782763764
757,31.541666666666664,1.7874131933101962,2.1691982017078653,2.218505661483303
758,31.583333333333332,-2.0050917922200044,0.8640558731434803,-0.8427365981251966
759,31.625,1.9874938313118469,2.390668542004312,2.3274267269213076
760,31.666666666666664,0.9697554293640868,2.4167528430887923,1.963467292696965
761,31.708333333333332,4.120951679099212,3.5488063493527826,4.384115944209244
762,31.75,-0.15595840778437964,2.0662795462854535,1.073260225448224
763,31.791666666666664,2.5038487687484015,2.808813987145927,2.9769457672756037
764,31.833333333333332,1.5976093459385987,2.3238849260020746,2.1662256805217974
765,31.875,-0.316604303750467,1.397854794475406,0.5002992058840134
766,31.916666666666664,2.287716061014233,1.9955838832042225,2.2899772000494574
767,31.958333333333332,-1.4443020704839475,0.4177854780789904,-0.7897631990499839
768,32.0,0.30451298815862915,0.7704771523715547,0.4003584302274705
769,32.041666666666664,0.39454923698511984,0.5640958245712432,0.3037287223657432
770,32.08333333333333,-2.6920842234780578,-0.5965185331869697,-2.1085916824781537
771,32.125,1.4512648442873077,0.7713005599500714,1.0690420916516834
772,32.166666666666664,-1.5499106946607197,-0.0627305756747248,-0.8954364042562921
773,32.20833333333333,4.297967641965511,1.8041791336653854,3.5013096602305644
774,32.25,-2.268690547321337,-0.6839946282373262,-1.7609378853348645
775,32.291666666666664,-0.8497733954884309,-0.5601181155330592,-1.048378549880355
776,32.33333333333333,-1.129294187918933,-0.7540371984070441,-1.3438732866784808
777,32.375,-3.4500883758347736,-1.4034297379030987,-2.9759638417090764
778,32.416666666666664,1.8740241957252946,0.8705207457797437,1.6730907184953985
779,32.45833333333333,3.8546095567067535,1.777562209644502,3.5184188934567295
780,32.5,0.1524086220429457,0.23898150856434294,0.3110770710091586
781,32.541666666666664,-1.7373706063749235,-0.7762117550222869,-1.5000448244866074
782,32.58333333333333,0.41628249138386053,-0.2641516178479208,-0.036684616114471956
783,32.625,-2.006306207355583,-1.2601477384330757,-2.0412909510945445
784,32.666666666666664,-2.1455351633122715,-1.324420827978696,-2.220382878722572
785,32.70833333333333,-0.7965171222592551,-0.593598027579523,-0.8451169967297137
786,32.75,1.4753461792838178,0.479632256617283,1.177895225075737
787,32.791666666666664,0.37595818058935276,0.24796058479045222,0.5084173099145638
788,32.83333333333333,1.4923646002922464,0.49549051125311283,1.1166016285350446
789,32.875,-2.6914187462124346,-1.0408327367658174,-2.1879591926871513
790,32.916666666666664,1.2303825789909009,0.18449851341778334,0.6181511726363245
791,32.95833333333333,-2.8695098792106277,-1.1382217923661575,-2.4159396730272373
792,33.0,0.9411944178572165,0.22230084084792398,0.463822072661244
793,33.041666666666664,-1.272366836714522,-0.3676461176384017,-1.05630732654806
794,33.08333333333333,0.35452163500728373,0.2061323338200353,0.02513040331258498
795,33.125,-3.188518176626685,-0.8222156379406812,-2.617731576183225
796,33.166666666666664,-0.15060174760068595,0.6275498934938891,-0.010671090804291737
797,33.20833333333333,1.1340007777446062,1.6036305972554974,1.4282907984347755
798,33.25,0.19711863727649448,1.792163772165031,1.0672945888397969
799,33.291666666666664,3.4239698816825057,3.2317731953003466,3.7822645270449495
800,33.33333333333333,0.7550185251356828,2.4799423867811883,1.7062114975505012
801,33.375,-0.7491970779073092,2.136147821543652,0.610092428193539
802,33.416666666666664,3.347320851913987,3.9088427330754403,4.1423776522075
803,33.45833333333333,4.141439438587211,4.297054003831202,4.8809362215271745
804,33.5,0.40894003850663174,2.796823835109379,1.6717459552012517
805,33.541666666666664,-0.06930568064458896,2.462730272536973,1.168699146358517
806,33.58333333333333,2.6915405233854366,3.3901046957512224,3.3551369513633937
807,33.625,1.6053374243518768,2.88137142656601,2.499577299233459
808,33.666666666666664,0.9315372134207542,2.3186117777750357,1.633061188346712
809,33.70833333333333,-0.9663966194069784,1.4800515670996501,0.16973102204222895
810,33.75,3.968407775152668,2.8556601909548665,3.7032413919510296
811,33.791666666666664,-3.5297432161737468,0.007498280289091543,-2.2196876313305585
812,33.83333333333333,1.3885769045724583,1.4358128276143565,1.3550141394146515
813,33.875,-0.3573533554670359,0.788862004601684,0.14148120787002624
814,33.916666666666664,-0.08600179136401433,0.8086507576514133,0.3607468645892233
815,33.95833333333333,2.624635202680091,1.5874280721524139,2.4863826708202783
816,34.0,0.37565757333563043,0.3857114510961455,0.3827761652192461
817,34.041666666666664,-2.3887636337473523,-1.1618693370104871,-2.312454684667713
818,34.08333333333333,-2.9399267250313375,-1.6582518174533465,-2.985980473161115
819,34.125,-1.3910368128778836,-1.140470627042239,-1.7052233402977939
820,34.166666666666664,-1.0986475730164362,-0.8637587753686634,-1.2493902351128967
821,34.20833333333333,0.6363740108850408,-0.19173266609040435,0.19107196837379986
822,34.25,-1.2195137401613325,-0.8519196999941525,-1.3496757126849095
823,34.291666666666664,-2.2863081303736985,-1.1911637410037077,-2.1740430121358285
824,34.33333333333333,0.36101912253815155,-0.14167322553518577,-0.07687460058218723
825,34.375,-1.8715882584988002,-0.6726110804383902,-1.5730510650765552
826,34.416666666666664,1.247409823746419,0.5062739304205823,0.7670860378491402
827,34.45833333333333,-2.9272790855887005,-0.7236570325272396,-2.330043870285932
828,34.5,0.32289144055966845,0.6133778824536635,0.18127467550583257
829,34.541666666666664,-1.785401904426141,0.356517835320557,-1.0663598770929363
830,34.58333333333333,1.335922459245344,1.915748911494131,1.6343024285593095
831,34.625,1.029895708422937,2.2827979592788594,1.7372326855926126
832,34.666666666666664,0.40479437218885306,2.458940344212436,1.41943588695333
833,34.70833333333333,1.4349603617773152,3.2563881345099657,2.5606059090954045
834,34.75,3.413457537325883,4.316619764440807,4.363470931554029
835,34.791666666666664,2.3395334091969935,4.064245253132509,3.56030204308746
836,34.83333333333333,1.1053832331246145,3.6250590052144362,2.4907133441929146
837,34.875,1.8416566510936994,3.8527430275910732,3.0398996713361788
838,34.916666666666664,2.0946151484681614,3.9041502342423993,3.2201025143166295
839,34.95833333333333,1.8484387945720901,3.6137736576752806,2.867677156904549
840,35.0,0.9892614092394235,2.997062735510307,1.9016575571283143
841,35.041666666666664,-0.22349182318718472,2.1552319303976195,0.5274383119431223
842,35.08333333333333,-3.0695436802133944,1.0271136794197795,-1.8421133096487536
843,35.125,0.23029976263003687,2.381877288596256,1.0250185238431297
844,35.166666666666664,3.1604006862557545,3.6582756517241877,3.574165093458316
845,35.20833333333333,-0.8605096635033134,2.392138551684762,0.5773184621873043
846,35.25,2.7151482229123376,3.66943040124803,3.4057910210399944
847,35.291666666666664,2.746503126433251,3.509144319117507,3.2788724537715757
848,35.33333333333333,-2.5265179838081804,1.3941154698029783,-1.1772499645926802
849,35.375,-0.5086586429987775,2.012143845571854,0.3355542207963106
850,35.416666666666664,1.5262898800069284,2.928685186961826,2.214317873728338
851,35.45833333333333,1.7165118088847156,3.0318512852632913,2.4246198171426787
852,35.5,0.49808359648734235,2.4915116126164656,1.337922169097851
853,35.541666666666664,-0.1311832435491045,2.0691954639218317,0.6098048688001819
854,35.58333333333333,-1.474611110297662,1.6205926685422147,-0.4159907351684091
855,35.625,1.3622184445384473,2.7088598792556837,1.903169717920445
856,35.666666666666664,0.0760137082876912,2.4682485771867557,1.0942717150922978
857,35.70833333333333,1.0945522208443292,2.968570000146457,2.0437019927374895
858,35.75,2.5025827310128483,3.515714763487545,3.154400024934933
859,35.791666666666664,-0.7922242182351555,2.386735425145879,0.6225844351652771
860,35.83333333333333,2.3214037245540875,3.445229093194754,3.0032400898968685
861,35.875,1.0060011848876262,2.963486089566605,2.024676731235896
862,35.916666666666664,0.4713300084038033,2.6243645334478116,1.3886875556076765
863,35.95833333333333,-1.057796906396702,2.158906720038017,0.3633498110478214
864,36.0,4.015805981927808,4.012080302039339,4.481947507412853
865,36.041666666666664,1.7904575446322089,3.1291727374642964,2.730555601550008
866,36.08333333333333,0.009715863755188526,2.1988967041399854,1.0710029181986647
867,36.125,1.3629383260895807,2.329108527851373,1.8797031304992913
868,36.166666666666664,-0.7305265378117057,1.421777274115319,0.2432089965896546
869,36.20833333333333,2.9292353335652974,2.2828592257403795,2.7770758515595255
870,36.25,-2.6342579795766583,-0.03430131333636066,-1.8612896151364615
871,36.291666666666664,-2.078130926337776,-0.12881944528545164,-1.6488402332596963
872,36.33333333333333,0.6375963507166644,0.859229567128566,0.6461299409374289
873,36.375,-0.2542779418305677,0.5782664999637865,0.05997743802094877
874,36.416666666666664,0.3451573387663167,0.7807140935648638,0.6105013673827279
875,36.45833333333333,2.1664776496197184,1.1361994500325996,1.769017147396514
876,36.5,-3.9314400448624855,-1.2469846726447638,-3.250517362135037
877,36.541666666666664,-1.0487606790434367,-0.37925215853979344,-1.123040178221973
878,36.58333333333333,0.059842392149889886,0.1400748760400954,-0.09097811083054134
879,36.625,-1.8246966330521581,-0.3907505541209809,-1.4679221005177256
880,36.666666666666664,0.11241237159949827,0.510001610399544,0.2460985307527276
881,36.70833333333333,1.590763958442942,1.17200110281039,1.5222090196184594
882,36.75,-1.0126279899445894,0.30350517738660787,-0.5642510529778425
883,36.791666666666664,-0.41067005430201325,0.4741377891973286,-0.23588192545099426
884,36.83333333333333,-1.796068257332247,0.15771251427783609,-1.2903394112159428
885,36.875,-1.6638379750691745,0.6661263780908007,-0.7812389010090551
886,36.916666666666664,2.99012530685042,2.913806843618686,3.383434344499193
887,36.95833333333333,2.3078793504270454,3.238582454227945,3.442586791074001
888,37.0,5.150626596482839,4.271322335471987,5.555117721515472
889,37.041666666666664,-0.649007381051843,2.137826072596499,0.9428162200413951
890,37.08333333333333,2.488096984810245,2.9656966015489705,3.076740389839018
891,37.125,0.7824173513236465,2.2486670123836006,1.7996699166359384
892,37.166666666666664,2.4446696211248873,2.4636153469979463,2.7562827836279546
893,37.20833333333333,-0.743939677517208,0.9179106690186062,-0.06366840550999472
894,37.25,-1.8528317561057945,0.16552503556957335,-1.301018798616768
895,37.291666666666664,-1.2966487510861697,0.3717053967848482,-0.687947444118806
896,37.33333333333333,2.3390246681060787,1.7225232007939302,2.2861306461412063
897,37.375,-0.5699877182321101,0.7667102509987295,0.18553980523039923
898,37.416666666666664,1.6589019884349445,1.4553327475133548,1.8619427910316038
899,37.45833333333333,1.1253247126446302,1.1283816290607231,1.4424517150081926
900,37.5,0.4566164768577049,0.5669839009342189,0.6260587929980779
901,37.541666666666664,-1.061756507671192,-0.3183778874094956,-0.8296334728186099
902,37.58333333333333,-1.5073075221466743,-0.6500910221856524,-1.2800539049557516
903,37.625,0.5931525799607333,0.014441857168030127,0.4371850581611658
904,37.666666666666664,0.26581556144388874,-0.24086621445765027,0.0461765553749758
905,37.70833333333333,-3.3215441399454737,-1.5180113155954578,-2.7004269859327725
906,37.75,2.1565413388354746,0.49747639755386097,1.7705198388447851
907,37.791666666666664,1.9648688616102803,0.42760597549428,1.7485432073009841
908,37.83333333333333,-0.8604998343755492,-0.8418674097492013,-0.7238894787812303
909,37.875,0.03802766582817416,-0.894028145291903,-0.28295009778055596
910,37.916666666666664,-0.49075384520717036,-1.4323525222976876,-0.9816510127217863
911,37.95833333333333,-2.717245403296655,-2.5700398421111528,-3.036561270316784
912,38.0,-2.8150480302539873,-2.719907230304111,-3.2077154788960076
913,38.041666666666664,-1.0827512610979912,-2.022999443075507,-1.7225761446248775
914,38.08333333333333,-1.783588132983271,-2.012906368045506,-2.0584103659247295
915,38.125,-0.603642552655027,-1.2685305632462225,-0.7975665994875363
916,38.166666666666664,1.6683652760717942,-0.18914705081277514,1.1886496539333238
917,38.20833333333333,-0.6721634790281565,-0.7932895676365859,-0.41272255166021965
918,38.25,2.0218120078459276,0.14474353214763436,1.5824122621120158
919,38.291666666666664,-1.3417457434737545,-0.9544408004357446,-0.8858634961785109
920,38.33333333333333,2.790017489915846,0.34669464109893516,2.1709005885712047
921,38.375,-0.3418707725943397,-1.0001956968578811,-0.4525601746390338
922,38.416666666666664,-1.9088580080201782,-1.9833223290724717,-2.2201792033813406
923,38.45833333333333,-3.49888926267659,-2.65060530391558,-3.5158087809220073
924,38.5,-0.26489656243197224,-1.411931883128912,-0.939159330499711
925,38.541666666666664,-2.17263695856853,-1.7189959157184052,-2.0377528201302764
926,38.58333333333333,1.3668821169945797,-0.1608799676224711,0.9613290944652872
927,38.625,0.666102371650461,-0.12974421344718015,0.6746699237258194
928,38.666666666666664,-0.028158041286755135,-0.22124081424600325,0.18819740909914145
929,38.70833333333333,1.4883451681801683,0.42490798012174447,1.5379550800814001
930,38.75,2.6013875400990063,0.6897435387078035,2.2524792161873823
931,38.791666666666664,-1.6938781417022224,-1.1514747663208096,-1.473633898057117
932,38.83333333333333,-2.2663483095449193,-1.57256112191657,-2.184916589804057
933,38.875,-0.10164748530507246,-0.7880825526281887,-0.4050297738003651
934,38.916666666666664,-0.7082657433630761,-0.8845185235322492,-0.8205309159817274
935,38.95833333333333,-1.7624413988657697,-1.0119529986562452,-1.3855012716741273
936,39.0,2.685648435428866,0.8048498049639848,2.3337956656070267
937,39.041666666666664,0.9365763006843264,0.33588846956763363,1.158061156911721
938,39.08333333333333,1.1619240585565447,0.25452477887885544,1.114986350181333
939,39.125,-0.38521542275632104,-0.5152647806090195,-0.2894101883516928
940,39.166666666666664,-0.9082695930940776,-0.8710712693010993,-0.8553795261681437
941,39.20833333333333,0.559076008810006,-0.5051801569835503,0.23563440932543983
942,39.25,-0.37698016472464013,-1.0488007031159359,-0.7307070932746443
943,39.291666666666664,-2.944776274372929,-2.1168170545840437,-2.8877237479193694
944,39.33333333333333,-0.5523758257197106,-1.301117112442759,-1.0768943818098753
945,39.375,-1.71837605549024,-1.5416389048352999,-1.810606690617598
946,39.416666666666664,-1.0534748052963598,-1.023834873128072,-1.0742302152560623
947,39.45833333333333,1.5193413982776025,0.23152729376792452,1.3624483734652852
948,39.5,3.050489182985658,0.7610728432105807,2.437549144901415
949,39.541666666666664,-3.7088525692845216,-1.7233100236433618,-3.006379808833146
950,39.58333333333333,0.667488751903001,-0.2932128594723151,0.2292679522491234
951,39.625,-0.4676852983742398,-0.5900884247284424,-0.5162577098962631
952,39.666666666666664,-0.9486969892097229,-0.7260666768171432,-0.9477942352354396
953,39.70833333333333,0.13515963866612932,-0.32913758132510906,-0.12704159369059545
954,39.75,-1.8868756797438457,-0.9343587153017606,-1.7267103987921737
955,39.791666666666664,-1.3104463033222868,-0.4714886660768555,-1.0559478692854618
956,39.83333333333333,2.191441259584127,1.0691939552283227,1.925509795576325
957,39.875,0.16316622156763183,0.4871842082913304,0.3655685726951704
958,39.916666666666664,-1.626097200819973,-0.09034291540204936,-1.1734900602247553
959,39.95833333333333,-0.460089748489488,0.5303633809540881,-0.13357018580780333
960,40.0,0.3114608016733863,1.1417881678541513,0.6440573704407333
961,40.041666666666664,-1.0563077013127902,1.1558123070117443,-0.016992942821390054
962,40.08333333333333,3.2527529795275987,3.165479347337538,3.728259226864962
963,40.125,2.5822260777226114,3.3340955940661883,3.5963365309537596
964,40.166666666666664,3.2896502954051283,3.6012829143688876,4.048392616910789
965,40.20833333333333,1.1587756622092253,2.709655191398214,2.2652042633665546
966,40.25,2.2001677658177416,2.718414024969025,2.6880013011472226
967,40.291666666666664,-0.6640560349208761,1.3169260370447438,0.08671523270829268
968,40.33333333333333,-1.8171537507103848,0.6046850016427473,-1.1798279864753183
969,40.375,-1.4879671995883381,0.7613992647369877,-0.8049280632573469
970,40.416666666666664,1.2535054608494436,1.9035208252331952,1.484330944636243
971,40.45833333333333,-0.8275306673230433,1.461112361889535,0.1727418743668095
972,40.5,2.3519275020895547,2.786055495879717,2.8283914977651197
973,40.541666666666664,2.4837040711772915,2.9044705152254804,3.064510289510452
974,40.58333333333333,1.1156462646712186,2.103885428104309,1.52082573990595
975,40.625,-4.470287172226885,0.022612291247003587,-2.99282006378979
976,40.666666666666664,1.6398419287653208,2.369582281920529,2.024446039416224
977,40.70833333333333,3.535967494586514,3.2348723812723628,3.7594004730501145
978,40.75,-1.6202850686173218,1.3896096242798819,-0.43410833617890315
979,40.791666666666664,-0.43536129499760184,1.8220255138977108,0.4698151488664922
980,40.83333333333333,1.5105032284968047,2.8040247081169825,2.306097519415907
981,40.875,1.7970462932209457,3.177918916748898,2.844233585387738
982,40.916666666666664,3.028801512861168,3.7278231252884697,3.95104332583076
983,40.95833333333333,3.1220696594880826,3.5905335711116733,3.9361382086030767
984,41.0,0.9875571384613159,2.4153483801761984,1.8362410604324377
985,41.041666666666664,-1.4523661963047774,1.2281094699010033,-0.24218474993549324
986,41.08333333333333,3.4848953151518636,2.59269504552359,3.3632893540749818
987,41.125,-1.8363907802608932,0.37697139604511865,-1.0148938988295892
988,41.166666666666664,-1.3640437171578323,0.21780457589641083,-0.9011021106496045
989,41.20833333333333,0.6814342995000872,0.7982184891346917,0.6915656754758005
990,41.25,-1.7582513095884278,0.019039017892232037,-0.9979512774492404
991,41.291666666666664,3.3556336452033655,1.7061710172298956,3.0157200861732645
992,41.33333333333333,0.19878920528329852,0.3820907707049669,0.4301244246000478
993,41.375,-1.397210325325937,-0.6397055496725099,-1.2425382530336875
994,41.416666666666664,-1.2764182160902795,-0.8861876837963435,-1.367394645545186
995,41.45833333333333,-2.1251909329134424,-1.2434987680901266,-1.9869305890242388
996,41.5,0.4681408466868343,-0.2367522874830049,0.25577041960971364
997,41.541666666666664,1.6402784958568368,0.11028228108990581,1.1820981795005596
998,41.58333333333333,-1.5991771253962193,-1.2281120329485797,-1.521069641902851
999,41.625,-0.5003226311690049,-1.2010522494110953,-1.0435186202411064
1000,41.666666666666664,-3.619461153505997,-2.3384850336243894,-3.477839743095124
1001,41.70833333333333,0.19468174438720717,-1.0106109895860067,-0.5029176146221707
1002,41.75,-1.5509912395703342,-1.4752907332906795,-1.7487839791719182
1003,41.791666666666664,-1.9568085290181187,-1.4773820225245866,-1.9917079023052697
1004,41.83333333333333,0.05751786682074113,-0.5131681029314203,-0.2652772645795436
1005,41.875,-1.7918024285708953,-0.7405333080860859,-1.3368111768130018
1006,41.916666666666664,1.9520728153839781,0.9936410431711843,1.922634148094959
1007,41.95833333333333,1.9536037122900605,1.344810541457405,2.2885430369477207
1008,42.0,2.4748480872138865,1.5100550701775224,2.5902310050463058
1009,42.041666666666664,0.05804665381778664,0.4189619031682509,0.4295452021679111
1010,42.08333333333333,-1.1447020405456823,-0.24353607576675573,-0.8023264403039586
1011,42.125,-0.21665769039061503,-0.004473987361116425,-0.08093135778060867
1012,42.166666666666664,0.942474109638081,0.290565690267581,0.6897532357764985
1013,42.20833333333333,-2.2243158554033995,-0.9209208900701922,-1.8621346074017204
1014,42.25,-0.1220732142495131,-0.3158738593507943,-0.4684245186050891
1015,42.291666666666664,-3.5800264862929305,-1.301431057285703,-2.91795919804634
1016,42.33333333333333,1.8778912908364753,0.9123136812864826,1.6004061456861287
1017,42.375,1.4597431360515378,1.021983288153412,1.5364417239206003
1018,42.416666666666664,-0.41563118888444955,0.3522239561265607,-0.07696282700690388
1019,42.45833333333333,-0.289881583657086,0.3385892572750602,-0.09071427792848166
1020,42.5,-0.3471485091610995,0.3324061783187647,-0.20111223221720761
1021,42.541666666666664,-0.9951208358011913,0.12177394319658187,-0.7879392344283805
1022,42.58333333333333,-1.834165790147997,0.018473047200580024,-1.3843407262443335
1023,42.625,-0.25602096269887126,0.9123670442027074,0.08645573972269174
1024,42.666666666666664,0.3387828563950914,1.568726296636865,0.8288661609597152
1025,42.70833333333333,-0.6866320296179371,1.7360065613425977,0.39701367851539765
1026,42.75,2.297570138526183,3.426497879201041,3.2731338136513384
1027,42.791666666666664,4.654082160404901,4.699278065856849,5.478834540136341
1028,42.83333333333333,1.9016286506876725,3.944555794198262,3.4776691744372323
1029,42.875,4.5316859756664005,4.671750916758163,5.328273450308376
1030,42.916666666666664,2.076904135391543,3.363632604701553,2.96505752098322
1031,42.95833333333333,-1.772343006259072,1.350658156707556,-0.7764663008038237
1032,43.0,-3.4084471043569944,0.5655265740689972,-2.225660085648745
1033,43.041666666666664,1.771830745562428,2.48195938428797,2.0253084892823234
1034,43.08333333333333,0.6950742575996133,2.2572213479443417,1.318856748621219
1035,43.125,-1.5913852358198184,1.5684808651175177,-0.3762630174179722
1036,43.166666666666664,2.6510993124683426,3.1995480143794515,3.047119002027569
1037,43.20833333333333,0.36806298419077027,2.551362280826384,1.426006474492686
1038,43.25,0.5240402737759904,2.6493731590535545,1.4868570784597408
1039,43.291666666666664,0.4929381521662989,2.8722614226586654,1.7820374065668965
1040,43.33333333333333,4.609107143940194,4.406235340057199,5.115381916006368
1041,43.375,1.5469287597954273,3.171233656677277,2.6426056343471616
1042,43.416666666666664,1.2421403346798678,2.5517427979781235,1.849800002135962
1043,43.45833333333333,-2.263350491391518,0.9250227801375928,-1.2419574891391376
1044,43.5,-1.1036454378013953,1.2375296943726781,-0.34616001459764284
1045,43.541666666666664,2.0394573932007196,2.3317570118467303,2.1577134289844464
1046,43.58333333333333,-2.342642198955165,0.9654612796262189,-1.0392481422932878
1047,43.625,3.3979414106477703,2.978127578326074,3.4801083941982434
1048,43.666666666666664,0.5279116541572645,1.9646673620452315,1.239982005605169
1049,43.70833333333333,-1.8534096513799287,1.0471926455537028,-0.7090415726207074
1050,43.75,2.365253615060135,2.6120462358578425,2.751420725705686
1051,43.791666666666664,1.97707704245992,2.5044930778880774,2.5921148519260173
1052,43.83333333333333,1.1792198744884612,1.9546507823229888,1.6890730875877271
1053,43.875,-1.2034156769272768,0.8375220824386059,-0.38823541805289563
1054,43.916666666666664,0.3803066553199566,1.2353476033846607,0.7729934934739067
1055,43.95833333333333,0.8088069553969632,1.2716121526561708,1.1112983351132781
1056,44.0,-0.15212911367104737,0.7850501903502047,0.27089818769376417
1057,44.041666666666664,0.0546499346904608,0.6505856793199617,0.29237921819311663
1058,44.08333333333333,-0.508985617484424,0.32200122625178934,-0.22115991871785556
1059,44.125,-0.776590383395374,0.12348513651586689,-0.5143865715648298
1060,44.166666666666664,-1.3140229795981089,0.13109258320768744,-0.6215813738138946
1061,44.20833333333333,4.146615039937599,2.127310313459029,3.844633625146004
1062,44.25,1.0660898404695398,0.9293153866986218,1.4187744591113012
1063,44.291666666666664,0.2610962390407432,0.12617112024795823,0.31269450571866336
1064,44.33333333333333,-0.8468866658840486,-0.7841447943909169,-1.0099141193485728
1065,44.375,-3.433812641156967,-2.0588130434588776,-3.3289261318410004
1066,44.416666666666664,-1.339402765689368,-1.3934228238447974,-1.6645296331396278
1067,44.45833333333333,-0.29020261295875427,-0.9825880301524601,-0.7567792373854776
1068,44.5,-2.2946004719466275,-1.4881764640843176,-2.0711702032974046
1069,44.541666666666664,2.4615491499723787,0.20375915788334356,1.6678599317815335
1070,44.58333333333333,-1.5722652731029558,-1.1690258492333312,-1.4304065339492695
1071,44.625,-0.2980102816103147,-0.9151857813046653,-0.698394647666778
1072,44.666666666666664,-1.770922056490096,-1.4631788350824486,-1.9381296872037488
1073,44.70833333333333,-3.0003091668775226,-1.7417733681250416,-2.807281557156938
1074,44.75,0.6125503805960012,-0.08249735634309853,0.3698534619303306
1075,44.791666666666664,0.6467543157997451,0.33108483299075436,0.7341233051155748
1076,44.83333333333333,-0.004174787180349316,0.46062965722151916,0.5013895459367922
1077,44.875,2.730180376768468,1.6255474614305994,2.7994536799514926
1078,44.916666666666664,0.9843844209562859,1.1330402166370837,1.5284802910909587
1079,44.95833333333333,1.5101380708108458,1.1868721365593955,1.7961755046832988
1080,45.0,0.9759932886632092,0.7778402765443622,1.1512377162857672
1081,45.041666666666664,-1.3377842548434007,-0.3234259526878738,-0.972770842947679
1082,45.08333333333333,-2.0411114365618195,-0.5897778958959339,-1.5374191500062317
1083,45.125,1.0378922401819006,0.7180204052749852,1.2137936802216613
1084,45.166666666666664,2.9813135373839623,1.5494282744769552,2.935231980428862
1085,45.20833333333333,0.3681734041243339,0.5138644868298688,0.8265029679829042
1086,45.25,0.8832349943867144,0.4006845207423362,0.9542732682126267
1087,45.291666666666664,-0.17663023989118437,-0.23551083530026196,0.008758965779442388
1088,45.33333333333333,0.9418268278136995,-0.22453596267567313,0.5645733889362645
1089,45.375,-1.9275241595669672,-1.6104416391752647,-1.9455313265567429
1090,45.416666666666664,-1.5800756017575566,-1.8098317518785207,-1.9696445609880688
1091,45.45833333333333,-2.0188314818350386,-2.007157447015827,-2.1897887372139184
1092,45.5,1.928303603470278,-0.7989307503199347,0.742641522017853
1093,45.541666666666664,-3.960511530939744,-3.1159194823646437,-4.177746569643888
1094,45.58333333333333,-5.204630364812358,-3.507315067664771,-5.181647198883981
1095,45.625,0.6172305745523384,-1.0209183168566245,-0.19484483587925822
1096,45.666666666666664,-0.6021107643692558,-0.7831083219787557,-0.4955470741909255
1097,45.70833333333333,2.131997998087406,0.5316713358244535,1.863573055204957
1098,45.75,0.769285822292258,0.40627645844067783,1.1776800519507677
1099,45.791666666666664,4.372917173572529,1.4450698440054819,3.632712806993644
1100,45.83333333333333,-4.106866887064349,-1.743757248515075,-3.2748224432891853
1101,45.875,-1.2490750911963777,-0.9116667643216454,-1.3134309623026101
1102,45.916666666666664,-0.09078852523628572,-0.14469887270312223,0.06504548711855858
1103,45.95833333333333,2.407464042084917,0.8812914192375463,2.1166212659880888
1104,46.0,-0.7889999816107477,-0.11233962046026719,-0.23783410450851286
1105,46.041666666666664,2.2013410921466545,0.7864807177508276,1.9092698636518992
1106,46.08333333333333,-0.5706020023963867,-0.32036749945092496,-0.3805719787817286
1107,46.125,-1.6328748595878069,-0.9025001305358292,-1.4824431642085036
1108,46.166666666666664,-0.8884991166842863,-0.5156305575628551,-0.6763336225372621
1109,46.20833333333333,3.137005615186141,0.8641655665739422,2.4541147319766257
1110,46.25,-2.181578578985269,-1.098112408972785,-1.817906463209161
1111,46.291666666666664,-1.0970111676643075,-0.8932369605206731,-1.1774453241363827
1112,46.33333333333333,0.46785284502897434,-0.3222236456276631,0.11259358428275612
1113,46.375,-0.8971899146378488,-0.8834673626433691,-1.0794631576382447
1114,46.416666666666664,-2.0036347100763257,-1.3064378282115863,-2.053461427309089
1115,46.45833333333333,-1.3328762744785974,-0.9681830691497942,-1.483608459483787
1116,46.5,-0.6250255756628422,-0.43944519072134913,-0.7066983754502126
1117,46.541666666666664,0.1932024289188227,0.059705157815177476,0.02720902505667852
1118,46.58333333333333,-1.2863658933111946,-0.20386395760588938,-1.0152209136705002
1119,46.625,-0.478233379341924,0.33244112398408693,-0.3194063685247545
1120,46.666666666666664,-1.3379187677260829,0.5928187112842611,-0.5354830797508415
1121,46.70833333333333,3.3257007118848767,2.746648603087593,3.5368338138342135
1122,46.75,2.8771265348205644,2.9061165456918574,3.389812671258474
1123,46.791666666666664,0.033808869733783366,1.8620078980989858,0.9208851267194874
1124,46.83333333333333,-0.6809366063322166,1.7047493034853776,0.3764821826951181
1125,46.875,2.8267057548368286,3.0244735599937522,3.1395045158516575
1126,46.916666666666664,-0.8501119214778148,1.903325112487059,0.34347868933257203
1127,46.95833333333333,0.3697678376209926,2.5319719838657373,1.4554867684005066
1128,47.0,4.3473609967679705,4.159385968462296,4.832579533353075
1129,47.041666666666664,2.06370816172157,3.196216012485632,2.80003646205739
1130,47.08333333333333,-2.6303968167021767,1.3439450499056498,-1.1646636351403847
1131,47.125,1.0990515114646449,2.629636128889492,1.7332564933114354
1132,47.166666666666664,0.9838525344117547,2.8347316987977886,1.9390504284356704
1133,47.20833333333333,2.121277526064447,3.2989149683205046,2.914194539832301
1134,47.25,1.88429303705864,3.0983308332995696,2.5542672390956125
1135,47.291666666666664,-1.7347651407955433,1.7318676890454734,-0.3576948721747223
1136,47.33333333333333,2.0941206556714995,3.018660164885837,2.554221015185159
1137,47.375,-0.49014037821023193,2.225961120385972,0.6946738513292516
1138,47.416666666666664,0.6073832620319549,2.7985275369246985,1.7447447454609248
1139,47.45833333333333,3.9605576912056626,4.205129832433285,4.776128528137607
1140,47.5,5.0053393626466125,4.353953641701606,5.424416855510711
1141,47.541666666666664,-0.9797306548239543,1.6664161220389753,0.21324857089710464
1142,47.58333333333333,-0.5382435116579137,1.2292883291550516,0.03819633373632568
1143,47.625,-0.14999851778773002,0.9952198675832488,0.14052964119788375
1144,47.666666666666664,-1.5569465696510518,0.2784023691856935,-1.0974047462559253
1145,47.70833333333333,-0.832406122584531,0.44997583703529004,-0.49964480040124215
1146,47.75,0.6147955340969774,1.0257879350459258,0.812670590917881
1147,47.791666666666664,1.2659411454615326,1.1819025977433475,1.331580531089642
1148,47.83333333333333,-0.5374808275732759,0.3657426330925521,-0.2521928725991275
1149,47.875,-1.532392398051352,-0.12972308913231645,-1.1448624714700182
1150,47.916666666666664,-0.13405394830055797,0.46901965345498786,0.16097498926372636
1151,47.95833333333333,2.528088954494162,1.434641865690964,2.374504896126941
1152,48.0,0.11895952247311363,0.4838994081535358,0.4572317957883835
1153,48.041666666666664,0.8596540552935805,0.3692589828941564,0.7225771907491756
1154,48.08333333333333,-0.8778463124339011,-0.6258562235683319,-0.9684318010786525
1155,48.125,-2.498747968246186,-1.5398669713038429,-2.5291393754082394
1156,48.166666666666664,-1.58495172075535,-1.3230325929009525,-1.8724702749850117
1157,48.20833333333333,-0.9633810861097116,-1.0398080453517615,-1.2309022629502782
1158,48.25,0.3995376501434503,-0.575399694890191,-0.21632303974546432
1159,48.291666666666664,-2.8953928623914718,-1.7482448075468984,-2.865127056561918
1160,48.33333333333333,-1.7259044746787626,-1.203905071778243,-1.9000468707146199
1161,48.375,-0.19778289214699493,-0.37578514747927105,-0.4796256815653751
1162,48.416666666666664,-1.4118563711736105,-0.37342081547090983,-1.0935130026061688
1163,48.45833333333333,1.778563166018348,1.038522564715607,1.5497822508753083
1164,48.5,-1.5720907974285645,0.2719294574122388,-0.8148476637728376
1165,48.541666666666664,0.6794133436862565,1.5150935314308211,1.3141201956571373
1166,48.58333333333333,4.017706512601221,3.1577307561817003,4.341799106104903
1167,48.625,2.2798458387740763,2.7504510936198505,3.1990870848017567
1168,48.666666666666664,3.896437000622659,3.0104779689607564,4.038045448979756
1169,48.70833333333333,-2.2476489692005837,0.5084423681710283,-1.0867045677814997
1170,48.75,0.4988555469187697,1.1115190057780542,0.6276592683447576
1171,48.791666666666664,-2.3238414288896125,0.21706272513815408,-1.3546576276799878
1172,48.83333333333333,2.8630409981742715,2.156258916245033,2.889566655078306
1173,48.875,2.71438841816863,1.9954615581129256,2.710207765992777
1174,48.916666666666664,-2.855013083605085,-0.23634196547600614,-1.9794797815242045
1175,48.95833333333333,-0.431076784816373,0.4441817106824685,-0.24597321927091179
1176,49.0,-0.037049346881987376,0.7804366100856311,0.37026627082509117
1177,49.041666666666664,2.0786690880015777,1.54230624344713,2.0460577988719812
1178,49.08333333333333,-0.8965768238966239,0.5458590419775033,-0.18835940200929915
1179,49.125,1.8176547475646265,1.3559854608067896,1.785199419650383
1180,49.166666666666664,-0.7536996445230102,0.4706554612122332,-0.11198936698002372
1181,49.20833333333333,2.307974342130375,1.3323395463642793,2.1162023542717594
1182,49.25,-0.4120183746547021,0.1489115921250829,-0.18602567601332712
1183,49.291666666666664,-1.2633748642101446,-0.475175867268467,-1.1361659887810378
1184,49.33333333333333,-0.37929683771629913,-0.37007563450995956,-0.6256774791401171
1185,49.375,-2.1049119722014566,-1.0388152816771221,-1.9775534809177562
1186,49.416666666666664,-0.4880616879677063,-0.4625733473223429,-0.7651122898296825
1187,49.45833333333333,-1.915248429287636,-0.6857129874695727,-1.5179831352631492
1188,49.5,2.93413040748043,1.14185099454387,2.3074443194060783
1189,49.541666666666664,-2.299599481859469,-0.48613074419614893,-1.5478511561918713
1190,49.58333333333333,1.8648066067575797,1.0057340274510085,1.6347544692523357
1191,49.625,0.05965929688744249,0.5095677468070003,0.411843937625196
1192,49.666666666666664,0.36880701660497256,0.6043062184181539,0.5456406357806485
1193,49.70833333333333,-0.2113595020047402,0.48656593291018924,0.22844442325136316
1194,49.75,1.7860971040979223,1.2470613041637375,1.8635866613111816
1195,49.791666666666664,1.6622533468822858,1.0850344261307525,1.704639349032726
1196,49.83333333333333,-0.7316146102618589,-0.05213345890576076,-0.531256460796386
1197,49.875,-2.2209585248985433,-0.7156613820875612,-1.7711098387571078
1198,49.916666666666664,1.4053260512208505,0.5488382847417507,1.0676544394973608
1199,49.95833333333333,-1.1727164651947497,-0.19930060425924423,-0.6622374127471132
